URL	Pret	Tip procesor:	Chipset video:	Video:	CPUMark	GPUMark	Capacitate HDD:	Tip unitate stocare:	Memorie:	Greutate (Kg):	Sistem de operare:
http://www.cel.ro/calculatoare-desktop/mini_pc-acer-revo-m1_601-modular-dual-core-n3050-1tbplus32gb-4gb-win10-l/	1404	intel celeron n3050	intel	intel hd 	899	311	1000		4	1.5	windows 10
http://www.cel.ro/calculatoare-desktop/desktop-lenovo-thinkcentre-m900z-i5_6600-500gb-4gb-win10pro-fhd-touch-l/	5744	intel core i5 6600	intel	intel hd  530	7801	964	500		4	7,8	windows 10 pro
http://www.cel.ro/calculatoare-desktop/desktop-hp-elitedesk-800-g2-twr-i7_6700-500gb-8gb-win10pro-l/	4524	intel core i7 6700	intel	intel hd  530	11003	964	500		8	9,43 kg	windows 10 pro
http://www.cel.ro/calculatoare-desktop/desktop-hp-285-g2-amd-a4_5300b-500gb-4gb-dvdrw-l/	809	a4 5300b	amd	hd 7480d	-	420	500		4	6.11	fara sistem
http://www.cel.ro/calculatoare-desktop/desktop-dell-precision-3620-mt-xeon-e3_1240v5-512gb-16gb-quadro-k2200-4gb-win10-l/	8304	intel xeon e3 1240 v5	nvidia	quadro k2200	-	3422	512		16	9.1	windows 10
http://www.cel.ro/calculatoare-desktop/desktop-dell-vostro-3900-mt-dual-core-g3260-500gb-4gb-l/	1499	intel pentium g3260	intel	intel hd 	3389	311	500		4	7.2	linux
http://www.cel.ro/calculatoare-desktop/mini_pc-asus-vivopc-vc62b-i3_4030u-nohdd-noram-black-l/	1354	intel core i3 4030u	intel	intel hd  4400	2703	547	nohdd		noram	1.09	fara sistem
http://www.cel.ro/calculatoare-desktop/mini_pc-hp-prodesk-600-g2-i3_6100-500gb-4gb-win10pro-l/	3059	intel core i3 6100	intel	intel hd  530	3820	964	500		4	1.3	windows 10 pro
http://www.cel.ro/calculatoare-desktop/desktop-hp-elitedesk-800-g2-sff-i7_6700-500gb-8gb-win10pro-l/	4434	intel core i7 6700	intel	intel hd  530	11003	964	500		8	7.6 kg	windows 10 pro
http://www.cel.ro/calculatoare-desktop/desktop-asus-k31ad_ro009d-i7_4790-1tb-4gb-l/	2899	intel core i7 4790	intel	intel hd  4600	11204	710	1000		4	8.6 kg	fara sistem
http://www.cel.ro/calculatoare-desktop/desktop-lenovo-thinkcentre-e50_00-mt-dual-core-j1800-500gb_7200rpm-4gb-dvd_rw-l/	799	intel celeron  j1800	intel	hd 	1030	-	500		4	9.6kg	fara sistem
http://www.cel.ro/calculatoare-desktop/diaxxa-pro-buget-dual-core-j1800-2.4ghz-500gb-4gb-ddr3-l/	649	intel celeron j1800		intel hd 	1030	311	500		4	3.3kg	fara sistem
http://www.cel.ro/calculatoare-desktop/diaxxa-entra-powered-by-asus-i3_6100-3.7ghz-1tb_7200rpm-8gb-l/	1399	intel core i3 6100 			3820	-	1000		8		fara sistem
http://www.cel.ro/calculatoare-desktop/desktop-lenovo-ideacentre-y900-i7_6700k-2tbplus8gb-8gb-gtx970-4gb-win10-l/	6699	intel core i7 6700k	nvidia	gtx970	11003	8666	2000		8	15	windows 10
http://www.cel.ro/calculatoare-desktop/desktop-dell-optiplex-7040-mt-i5_6500-500gb-4gb-dvdrw-win8pro-l/	3874	intel core i5 6500	intel	intel hd  530	5736	964	500		4	8kg	windows 8 professional (64bit)
http://www.cel.ro/calculatoare-desktop/desktop-hp-prodesk-600-g1-tower-i5_4570-500gb-4gb-win7-pro-l/	2799	intel core i5 4570 	intel	hd  4600	6485	706	500		4	9,3 kg	windows 7 professional (64bit)
http://www.cel.ro/calculatoare-desktop/desktop-hp-prodesk-400-g2-sff-i3_4170-500gb-4gb-dvdrw-l/	1699	intel core i3 4170	intel	intel hd  4400	4583	547	500		4	4.5	fara sistem
http://www.cel.ro/calculatoare-desktop/desktop-hp-elitedesk-800-g2-sff-i5_6500-500gb-8gb-win10pro-l/	3414	intel core i5 6500	intel	intel hd  530	5736	964	500		8	7,6 kg	windows 10 pro
http://www.cel.ro/calculatoare-desktop/apple-imac-21.5-i5-1.6ghz-1tb-8gb-os-x-el-capitan-fullhd-int-l/	5399	intel core i5	intel	intel hd  6000	2197	814	1000		8	5.68	mac os
http://www.cel.ro/calculatoare-desktop/desktop-dell-optiplex-5040-sff-i7_6700-500gb-8gb-l/	3099	intel core i7 6700	intel	intel hd  530	11003	964	500		8	4.48kg	linux
http://www.cel.ro/calculatoare-desktop/desktop-lenovo-ideacentre-700_24ish-i7_6700-2tbplus8gb-8gb-gtx950a-2gb-dvdrw-l/	4199	intel core i7 6700	nvidia	gtx950a	11003	1484	2000		8	8.5	fara sistem
http://www.cel.ro/calculatoare-desktop/desktop-lenovo-ideacentre-y700-i7_6700-2tbplus8gb-120gb-8gb-gtx970-4gb-win10-l/	5999	intel core i7 6700	nvidia	gtx 970	11003	8666	1000		8	15 kg	windows 10
http://www.cel.ro/calculatoare-desktop/desktop-hp-280-g1-mt-i3_4160-500gb_7200rpm-4gb-dvd_rw-l/	1499	intel core i3 4160 	intel	intel hd  4400	4383	547	500		4	7.05 kg	fara sistem
http://www.cel.ro/calculatoare-desktop/desktop-hp-elitedesk-800-g2-sff-i7_6700-500gb-8gb-win7pro-l/	4324	intel core i7 6700	intel	intel hd  530	11003	964	500		8	7.6 kg	windows 7 professional (64bit)
http://www.cel.ro/calculatoare-desktop/desktop-dell-precision-t5810-xeon-e5_1650v3-2tb-16gb-firepro-w5100-4gb-win7pro-l/	9719	intel xeon  e5 1650 v3	amd	firepro w5100	-	2824	2000		16	13.5 kg	windows 7 professional (64bit)
http://www.cel.ro/calculatoare-desktop/desktop-dell-xps-27-aio-i7_4770s-2tbplus32gb-16gb-gt750m-2gb-win8pro-wqhd-touch-l/	9279	intel core i7 4770s	nvidia	gt750m	9346	1300	2000		16	15.95	windows 8 professional (64bit)
http://www.cel.ro/calculatoare-desktop/desktop-asus-k31ad_ro023d-i5_4460-1tb-4gb-gtx745-4gb-l/	2299	intel core i5 4460	nvidia	gtx745	6350	2159	1000		4	8.6 kg	fara sistem
http://www.cel.ro/calculatoare-desktop/desktop-lenovo-ideacentre-b5030-i3_4160-1tb-4gb-gt820a-2gb-fhd-l/	2799	intel core i3 4160 	nvidia	gt820a	4383	-	1000		4	8.6kg	fara sistem
http://www.cel.ro/calculatoare-desktop/desktop-dell-optiplex-7040-sff-i5_6500-500gb-4gb-win10pro-l/	3924	intel core i5 6500	intel	intel hd  530	5736	964	500		4	4.48kg	windows 10 pro
http://www.cel.ro/calculatoare-desktop/desktop-dell-inspiron-5459-aio-i5_6400t-1tb-8gb-gt930m-4gb-win10-fullhd-touch-l/	4599	intel core i5 6400t	nvidia	gt930m	5286	-	1000		8	8.4	windows 10
http://www.cel.ro/calculatoare-desktop/desktop-dell-optiplex-9020-mt-i7_4790-256gb-16gb-win10-l/	5599	intel core i7 4790 	intel	hd  4600	11204	706	256		16	9.4kg	windows 10
http://www.cel.ro/calculatoare-desktop/mini-pc-intel-nuc-kit-boxnuc5i3ryh-i3_5010u-nohdd-noram-l/	1404	intel core i3 5010u 	intel	hd  5500	3058	559	nohdd		noram		fara sistem
http://www.cel.ro/calculatoare-desktop/desktop-lenovo-thinkcentre-e73-mt-i7_4790s-500gb_7200rpm-4gb-win7-pro-l/	3599	intel core i7 4790s 	intel	intel hd  4600	9623	710	500		4	7.5 kg	windows 8 professional (64bit)
http://www.cel.ro/calculatoare-desktop/mini_pc-lenovo-ideacentre-200_01bw-dual-core-3205u-500gb_5400rpm-4gb-l/	899	intel celeron 3205u	intel	intel hd 	1697	311	500		4	1 kg	fara sistem
http://www.cel.ro/calculatoare-desktop/desktop-dell-optiplex-3020-mt-i5_4590-500gb-8gb-win10-l/	3059	intel core i5 4590	intel	intel hd  4600	6953	710	500		8	9.4 kg	windows 10
http://www.cel.ro/calculatoare-desktop/diaxxa-office-buget-i3_4170-3.7ghz-500gb-4gb-ddr3-1600mhz-l/	1149	intel core i3 4170		intel hd  4400	4583	547	500		4	3.3kg	fara sistem
http://www.cel.ro/calculatoare-desktop/desktop-asus-m32cd-i7_6700-2tb-8gb-radeon-r9-370-2gb-l/	3999	intel core i7 6700	amd	r9 370	11003	4248	2000		8	8.3	fara sistem
http://www.cel.ro/calculatoare-desktop/desktop-lenovo-ideacentre-c50_30-aio-i3_5005u-1tb_7200rpm-4gb-gt820a-2gb-touch-l/	2799	intel core i3 5005u 	nvidia	gt 820a	2910	-	1000		4	6.2 kg	fara sistem
http://www.cel.ro/calculatoare-desktop/desktop-lenovo-ideacentre-y700_34ish-i7_6700-2tbplus8gb-8gb-gtx960-2gb-win10-l/	4599	intel core i7 6700	nvidia	gtx 960	11003	5938	2000		8	15 kg	windows 10
http://www.cel.ro/calculatoare-desktop/desktop-asus-k31ad-dual-core-g3260-500gb-4gb-dvdrw-l/	1384	intel core i3 4160 	intel	intel hd 	4383	311	500		4	8.6 kg	fara sistem
http://www.cel.ro/calculatoare-desktop/desktop-lenovo-ideacentre-300-i5_6200u-1tb-4gb-nvidia-gt920a-2gb-fhd-l/	2799	intel core i5 6200	nvidia	gt920a	3917	-	1000		4		fara sistem
http://www.cel.ro/calculatoare-desktop/desktop-lenovo-ideacentre-300_22isu-aio-i3_6100u-1tb-4gb-fullhd-l/	2299	intel core i3 6100u			3505	-	1000		4	6.5 kg	fara sistem
http://www.cel.ro/calculatoare-desktop/desktop-asus-k31ad-i3_4170-1tb-4gb-nvidia-gt730-2gb-dvdrw-l/	1899	intel core i3 4170 	nvidia	gt730	4583	-	1000		4	8.6 kg	fara sistem
http://www.cel.ro/calculatoare-desktop/mini_pc-dell-optiplex-7040-i5_6500t-500gb-4gb-win7pro-l/	3189	intel core i5 6500t	intel	intel hd  530	5736	964	500		4	1.28	windows 7 professional (64bit)
http://www.cel.ro/calculatoare-desktop/desktop-dell-optiplex-3240-aio-i5_6500-500gb-4gb-win10pro-fullhd-l/	4399	intel core i5 6500	intel	intel hd  530	5736	964	500		4	7.37	windows 10 pro
http://www.cel.ro/calculatoare-desktop/mini-pc-dell-optiplex-9020-m-i5_4590t-500gb-4gb-win7pro-wifi-l/	3364	intel core i5 4590t 	intel	hd  4600	5484	706	500		4	1.28 kg	windows 7 professional (64bit)
http://www.cel.ro/calculatoare-desktop/diaxxa-entra-powered-by-asus-fx_4320-4ghz-1tb_7200rpm-4gb-l/	1099	fx 43200 x4 4 core			-	-	1000		4		fara sistem
http://www.cel.ro/calculatoare-desktop/desktop-dell-optiplex-7020-sff-i3_4160-500gb-4gb-dvdrw-linux-l/	2054	intel core i3 4160	intel	intel hd  4400	4383	547	500		4	6 kg	linux
http://www.cel.ro/calculatoare-desktop/desktop-hp-prodesk-600-g2-mt-i5_6500-500gb-4gb-win10pro-l/	3634	intel core i5 6500	intel	intel hd  530	5736	964	500		4	7.35 kg	windows 10 pro
http://www.cel.ro/calculatoare-desktop/desktop-asus-et2321iuth-i5_4200u-1tbplus128gb-4gb-fullhd-touch-l/	3224	intel core i5 4200u	intel	intel hd  4400	3263	547	1000		4	9	fara sistem
http://www.cel.ro/calculatoare-desktop/desktop-dell-optiplex-7040-sff-i7_6700-1tb-8gb-win10-l/	4799	intel corei7 6700	intel	intel hd  530	-	964	1000		8	4.48kg	windows 10 pro
http://www.cel.ro/calculatoare-desktop/desktop-asus-rog-tytan-i7_4790k-1tbplus128gb-16gb-gtx970-4gb-bluray-l/	7204	intel core i7 4790k 	nvidia	gtx970	11204	8666	128		16		fara sistem
http://www.cel.ro/calculatoare-desktop/desktop-dell-optiplex-3020-sff-i5_4590-500gb-4gb-win10pro-l/	2849	intel core i5 4590	intel	hd  4600	6953	706	500		4	6 kg	windows 10 pro
http://www.cel.ro/calculatoare-desktop/desktop-dell-optiplex-5040-sff-i5_6500-500gb-8gb-win10-l/	3349	intel core i5 6500	intel	intel hd  530	5736	964	500		8	4.48kg	windows 10 pro
http://www.cel.ro/calculatoare-desktop/desktop-dell-optiplex-3040-mt-i5_6500-500gb-4gb-win10pro-l/	3069	intel core i5 6500	intel	intel hd  530	5736	964	500		4	7.99	windows 10 pro
http://www.cel.ro/calculatoare-desktop/desktop-dell-optiplex-7020-mt-i7_4790-500gb-8gb-ubuntu-l/	3499	intel core i7 4790 	intel	hd  4600	11204	706	500		8	9.4 kg	ubuntu
http://www.cel.ro/calculatoare-desktop/desktop-hp-z240t-xeon-e3_1225v5-1tb-8gb-quadro-k620-2gb-win10pro-l/	5564	intel xeon e3 1225 v5	nvidia	quadro k620	-	2263	1000		8	8.6	windows 10 pro
http://www.cel.ro/calculatoare-desktop/desktop-dell-optiplex-3020-sff-i5_4590-500gb_7200rpm-4gb-l/	2099	intel core i5 4590 	intel	hd  4600	6953	706	500		4	6 kg	linux
http://www.cel.ro/calculatoare-desktop/diaxxa-best-buy-dual-core-g3260-3.3ghz-1tb-4gb-ddr3-1600mhz-l/	899			intel hd 	-	311	1000		4		fara sistem
http://www.cel.ro/calculatoare-desktop/desktop-lenovo-s500-sff-i3_4170-500gb-4gb-dvdrw-l/	1749	intel core i3 4170	intel	intel hd  4400	4583	547	500		4	6.6	fara sistem
http://www.cel.ro/calculatoare-desktop/desktop-dell-optiplex-7040-sff-i7_6700-1tb-8gb-win8pro-l/	4984	intel corei7 6700	intel	intel hd  530	-	964	1000		8	4.48kg	windows 8 professional (64bit)
http://www.cel.ro/calculatoare-desktop/desktop-asus-rog-g11cb-i5_6400-1tb-8gb-nvidia-gtx950-2gb-l/	3494	intel core i5 6400	nvidia	gtx 950	5286	5247	1000		8	9.78kg	fara sistem
http://www.cel.ro/calculatoare-desktop/desktop-dell-optiplex-3020-mt-i5_4590-500gb_7200rpm-4gb-ubuntu-l/	2149	intel core i5 4590 	intel	hd  4600	6953	706	500		4	9.4 kg	ubuntu
http://www.cel.ro/calculatoare-desktop/desktop-lenovo-ideacentre-y700-i5_6400-2tbplus8gb-120gb-8gb-gtx970-4gb-win10-l/	4999	intel core i5 6400	nvidia	gtx 970	5286	8666	2000		8	15 kg	windows 10
http://www.cel.ro/calculatoare-desktop/desktop-asus-m32cd-i5_6400-1tb-8gb-geforce-gtx950-2gb-l/	2899	intel core i5 6400	nvidia	gtx 950	5286	5247	1000		8	8.3	fara sistem
http://www.cel.ro/calculatoare-desktop/desktop-dell-optiplex-5040-mt-i7_6700-500gb-8gb-win10pro-l/	4094	intel core i7 6700	intel	intel hd  530	11003	964	500		8	8kg	windows 10 pro
http://www.cel.ro/calculatoare-desktop/desktop-hp-z440-ze-e5_1620v3-256gb-8gb-win7-pro-l/	7454	intel xeon  e5 1620 v3	intel		-	-	256		8	11 kg	windows 8 professional (64bit)
http://www.cel.ro/calculatoare-desktop/desktop-dell-optiplex-7040-sff-i5_6500-500gb-4gb-l/	3174	intel core i5 6500	intel	intel hd  530	5736	964	500		4	4.48kg	linux
http://www.cel.ro/calculatoare-desktop/desktop-lenovo-yoga-home-500-i3_5005u-1tbplus8gb-4gb-gt920a-1gb-win10-fhd-touch-l/	3899	intel core i3 5005u	nvidia	920a	2910	-	1000		4	4.6	windows 10
http://www.cel.ro/calculatoare-desktop/desktop-lenovo-thinkcentre-e50_00-twr-quad-core-j2900-500gb_7200rpm-4gb-dvd_rw-l/	999	intel pentium  j2900	intel	hd 	2059	-	500		4		fara sistem
http://www.cel.ro/calculatoare-desktop/diaxxa-impact-r2-powered-by-asus-i7_6700-1tbplus120gb-16gb-gtx970-4gb-l/	5149	intel core i7 6700 	nvidia	gtx 970 strix dc2 oc 256bit	11003	-	1000		16		fara sistem
http://www.cel.ro/calculatoare-desktop/desktop-lenovo-thinkcentre-m73-twr-i3_4150-500gb-4gb-dvdrw-win10pro-l/	2799	intel core i3 4150 	intel	hd  4400	4175	547	500		4		windows 10 pro
http://www.cel.ro/calculatoare-desktop/desktop-dell-optiplex-7040-mt-i7_6700-1tb-8gb-radeon-r7-350x-4gb-l/	3999	intel core i7 6700	amd	r7 350x	11003	-	1000		8	8kg	linux
http://www.cel.ro/calculatoare-desktop/desktop-lenovo-ideacentre-b40_30-aio-i7_4785t-1tb-8gb-gt820a-2gb-fullhd-touch-l/	3999	intel core i7 4785t 	nvidia	gt820a	7486	-	1000		8	8,2 kg	fara sistem
http://www.cel.ro/calculatoare-desktop/desktop-hp-z240-twr-i7_6700-1tbplus256gb-8gb-win10pro-l/	6239	intel core i7 6700	intel	intel hd  530	11003	964	256		8	8.6	windows 10 pro
http://www.cel.ro/calculatoare-desktop/desktop-dell-optiplex-5040-mt-i5_6500-500gb-4gb-dvdrw-win10pro-l/	3149	intel core i5 6500	intel	intel hd  530	5736	964	500		4	8kg	windows 10 pro
http://www.cel.ro/calculatoare-desktop/desktop-lenovo-ideacentre-y900-i5_6600k-1tbplus8gb-8gb-gtx970-4gb-win10-l/	5499	intel core i5 6600k	nvidia	gtx970	7801	8666	1000		8	15	windows 10
http://www.cel.ro/calculatoare-desktop/mini_pc-dell-optiplex-3020-i5_4590t-500gb-4gb-linux-l/	2239	intel corei5 4590t	intel	intel hd  4600	-	710	500		4	1.28 kg	linux
http://www.cel.ro/calculatoare-desktop/apple-mac-mini-i5-2.6ghz-1tb-8gb-iris-graphics-ee-os-x-yosemite-ro-l/	3389	intel core i5	intel	intel iris 	2197	1393	1000		8	1.2	mac os
http://www.cel.ro/calculatoare-desktop/desktop-lenovo-ideacentre-c260-aio-quad-core-j1900-500gb_7200rpm-4gb-dvd_rw-l/	1299	intel celeron  j1900	intel	hd 	1889	-	500		4	3.5 kg	fara sistem
http://www.cel.ro/calculatoare-desktop/desktop-hp-elitedesk-800-g2-sff-i5_6500-500gb-4gb-win7pro-l/	3664	intel core i5 6500	intel	intel hd  530	5736	964	500		4	7,6kg	windows 7 professional (64bit)
http://www.cel.ro/calculatoare-desktop/desktop-asus-rog-g20cb-i7_6700-1tbplus128gb-16gb-nvidia-gtx960-2gb-win10-l/	6399	intel core i7 6700 	nvidia	gtx 960	11003	5938	1000		16	6.38 kg	windows 10
http://www.cel.ro/calculatoare-desktop/apple-imac-21.5-i5-3.1ghz-1tb-8gb-os-x-el-capitan-4k-retina-intel-iris-pro-int-l/	7099	intel core i5	intel	intel iris pro  6200	2197	1534	1000		8	5.68	mac os
http://www.cel.ro/calculatoare-desktop/diaxxa-office-multimedia-intel-core-i5_4460-1tb-8gb-ddr3-gt_730-4gb-l/	1899	intel core i5 4460	nvidia	gt 730	6350	928	1000		8		fara sistem
http://www.cel.ro/calculatoare-desktop/desktop-asus-m32cd-i5-6400-1tb-8gb-nvidia-gtx950-2gb-l/	3149	intel core i5 6400	nvidia	gtx 950	5286	5247	1000		8	8.3	fara sistem
http://www.cel.ro/calculatoare-desktop/desktop-acer-aspire-z3_710-i5_4590t-500gb-4gb-gt840m-2gb-fullhd-touch-l/	3344	intel core i5 4590t	nvidia	gt840m	5484	-	500		4		fara sistem
http://www.cel.ro/calculatoare-desktop/desktop-dell-optiplex-9030-aio-i5_4590s-500gb_7200rpm-8gb-fullhd-touch-win8-l/	5399	intel core i5 4590s 	intel	intel hd  4600	6953	710	500		8	14.01 kg	windows 8 professional (64bit)
http://www.cel.ro/calculatoare-desktop/diaxxa-office-intel-core-i5_4460-1tb-8gb-ddr3-1600mhz-l/	1599	intel core i5 4460 	intel hd  4600		6350	710	1000		8		fara sistem
http://www.cel.ro/calculatoare-desktop/desktop-dell-precision-3620-mt-xeon-e3_1240-v5-1tb-8gb-firepro-w2100-2gb-win7pro-l/	5284	intel xeon e3 1240 v5	amd	firepro w2100	-	905	1000		8	9.1	windows 7 professional (64bit)
http://www.cel.ro/calculatoare-desktop/desktop-dell-optiplex-7040-mt-i7_6700-1tb-8gb-win10pro-l/	5464	intel core i7 6700	intel	intel hd  530	11003	964	1000		8	8kg	windows 10 pro
http://www.cel.ro/calculatoare-desktop/desktop-asus-k31cd-i3_6100-1tb-4gb-dvdrw-l/	1699	intel core i3 6100	intel	intel hd  530	3820	964	1000		4	8.6	fara sistem
http://www.cel.ro/calculatoare-desktop/desktop-dell-optiplex-7040-mt-i5_6500t-500gb-8gb-win10pro-l/	3924	intel core i5 6500t	intel	intel hd  530	5736	964	500		8	8kg	windows 10 pro
http://www.cel.ro/calculatoare-desktop/desktop-lenovo-ideacentre-700_24ish-aio-i3_6100-1tbplus8gb-4gb-gtx-950a-2gb-fhd-l/	2999	intel core i3 6100	nvidia	gtx950a	3820	1484	1000		4	8.5	fara sistem
http://www.cel.ro/calculatoare-desktop/desktop-lenovo-thinkcentre-e73-mt-i7_4790s-500gb-4gb-l/	3054	intel core i7 4790s 	intel	intel hd  4600	9623	710	500		4	7.5 kg	fara sistem
http://www.cel.ro/calculatoare-desktop/mini_pc-lenovo-thinkcentre-m73-tiny-i3_4170t-500gb-4gb-l/	1549	intel core i3 4170t	intel	intel hd  4400	4583	547	500		4		fara sistem
http://www.cel.ro/calculatoare-desktop/desktop-asus-m32cd-i7_6700-1tbplus8gb-8gb-nvidia-gtx950-2gb-l/	3799	intel core i7 6700	nvidia	gtx950	11003	5247	1000		8	8.3	fara sistem
http://www.cel.ro/calculatoare-desktop/desktop-hp-elitedesk-800-g2-twr-i7_6700-1tbplus256gb-8gb-gt730-2gb-win10pro-l/	5344	intel core i7 6700	nvidia	gt730	11003	-	256		8	9,43 kg	windows 10 pro
http://www.cel.ro/calculatoare-desktop/desktop-hp-z240-sff-xeon-e3_1245v5-256gb-16gb-win10pro-l/	6504	intel xeon e3 1245 v5	intel	intel hd  p530	-	933	256		16	5.7	windows 10 pro
http://www.cel.ro/calculatoare-desktop/desktop-lenovo-ideacentre-b40_30-aio-i3_4170t-1tb-4gb-gt820a-2gb-fullhd-touch-l/	2899	intel core i3 4170t	nvidia	gt820a	4583	-	1000		4	7.9 kg	fara sistem
http://www.cel.ro/calculatoare-desktop/desktop-dell-optiplex-3020mt-i5_4590-1tb-8gb-l/	2724	intel core i5 4590 	intel	hd  4600	6953	706	1000		8	9.4 kg	fara sistem
http://www.cel.ro/calculatoare-desktop/mini_pc-lenovo-thinkcentre-m53-tiny-dual-core-j1800-320gb_7200rpm-4gb-l/	1279	intel celeron  j1800	intel	hd 	1030	-	320		4	1.36 kg	fara sistem
http://www.cel.ro/calculatoare-desktop/desktop-lenovo-thinkcentre-m800z-i7_6700-500gb-4gb-win10pro-fhd-touch-l/	5834	intel core i7 6700	intel	intel hd  530	11003	964	500		4	7.7	windows 10 pro
http://www.cel.ro/calculatoare-desktop/desktop-dell-vostro-3900-mt-i7_4790-1tb-8gb-nvidia-gtx745-4gb-win10pro-l/	3799	intel core i7 4790	nvidia	gtx745	11204	2159	1000		8	7.2	windows 10 pro
http://www.cel.ro/calculatoare-desktop/desktop-hp-z240t-xeon-e3_1245v5-2tb-16gb-quadro-k620-2gb-win10pro-l/	6359	intel xeon e3 1245 v5	nvidia	quadro k620	-	2263	2000		16	8.6	windows 10 pro
http://www.cel.ro/calculatoare-desktop/diaxxa-buget-skylake-g4400-3.3ghz-1tb_7200rpm-4gb-500w-l/	1079	intel pentium  g4400			3686	-	1000		4		fara sistem
http://www.cel.ro/calculatoare-desktop/desktop-acer-extensa-em2610-i5_4460-500gb-4gb-win7pro-l/	2324	intel core i5 4460	intel	intel hd  4600	6350	710	500		4		windows 7 professional (64bit)
http://www.cel.ro/calculatoare-desktop/mini-pc-intel-nuc-boxnuc5pgyh0aj-n3700-2gb-nohdd-l/	1174	intel pentium  n3700	intel	intel hd 	1879	311	nohdd		2	700g	windows 10
http://www.cel.ro/calculatoare-desktop/desktop-hp-z240t-xeon-e3_1240v5-256gb-16gb-quadro-k2200-4gb-win10pro-l/	8654	intel xeon e3 1240 v5	quadro k2200	nvidia	-	3422	256		16	8.6	windows 10 pro
http://www.cel.ro/calculatoare-desktop/desktop-dell-optiplex-9020-mt-i7_4790-1tb-8gb-win7pro-l/	5334	intel core i7 4790 	intel hd  4600		11204	710	1000		8	9.4 kg	windows 7 professional (64bit)
http://www.cel.ro/calculatoare-desktop/desktop-hp-z230t-i5_4590-1tb-8gb-nvidia-quadro-k620-2gb-win10pro-l/	5249	intel core i5 4590	nvidia	quadro k620	6953	2263	1000		8	8,8	windows 10 pro
http://www.cel.ro/calculatoare-desktop/desktop-dell-optiplex-7040-mt-i7_6700-500gb-8gb-l/	4219	intel core i7 6700	intel	intel hd  530	11003	964	500		8	8kg	linux
http://www.cel.ro/calculatoare-desktop/desktop-dell-optiplex-7040-mt-i7_6700-500gb-4gb-win10-l/	3899	intel core i7 6700	intel	intel hd  530	11003	964	500		4	8kg	windows 10 pro
http://www.cel.ro/calculatoare-desktop/desktop-lenovo-ideacentre-c40_30-aio-i3_5005u-1tb-4gb-dvdrw-fullhd-l/	1899	intel core i3 5005u	intel hd  5500		2910	560	1000		4	5,5 kg	fara sistem
http://www.cel.ro/calculatoare-desktop/desktop-hp-prodesk-400-g2-i3_4160-500gb_7200rpm-4gb-dvd_rw-l/	1994	intel core i3 4160 	intel	intel hd  4400	4383	547	500		4	6.5 kg	fara sistem
http://www.cel.ro/calculatoare-desktop/desktop-dell-precision-3620-mt-i7_6700-1tbplus256gb-16gb-quadro-k620-2gb-win10-l/	6899	intel core i7 6700	nvidia	quadro k620	11003	2263	256		16	9.1	windows 10
http://www.cel.ro/calculatoare-desktop/desktop-lenovo-thinkcentre-m900z-i5_6400-500gb-4gb-win10pro-fullhd-l/	4804	intel corei5 6400	intel	intel hd  530	-	964	500		4	7,8	windows 10 pro
http://www.cel.ro/calculatoare-desktop/desktop-dell-optiplex-7040-mt-i5_6500-500gb-4gb-l/	3089	intel core i5 6500	intel	intel hd  530	5736	964	500		4	8kg	linux
http://www.cel.ro/calculatoare-desktop/desktop-dell-optiplex-9020-mt-i7_4790-1tb-8gb-radeon-r7-250-2gb-win8-l/	4909	intel core i7 4790 	r7 250		11204	1405	1000		8	9.4 kg	windows 8.1
http://www.cel.ro/calculatoare-desktop/desktop-hp-elitedesk-800-g1-i7_4770-500gb-4gb-win7-pro-l/	4414	intel core i7 4770 	intel	hd  4600	7065	706	500		4	9,3 kg	windows 7 professional (64bit)
http://www.cel.ro/calculatoare-desktop/desktop-lenovo-thinkcentre-e73-mt-i5_4460s-500gb-4gb-win8-l/	2249	intel core i5 4460s 	intel	hd  4600	6350	706	500		4	7.5 kg	windows 8 (64bit)
http://www.cel.ro/calculatoare-desktop/desktop-lenovo-thinkcentre-m900-i5_6500-500gb-4gb-win10pro-l/	3749	ntel core i5 6500	intel	intel hd  530	-	964	500		4	12.5	windows 10 pro
http://www.cel.ro/calculatoare-desktop/mini_pc-asus-vivomini-un42-dual-core-2957u-nohdd-noram-blue-l/	704	intel celeron 2957u	intel	intel hd 	1481	311	nohdd		noram	1	fara sistem
http://www.cel.ro/calculatoare-desktop/desktop-dell-optiplex-5040-mt-i3_6100-500gb-4gb-l/	2369	intel core i3 6100	intel	intel hd  530	3820	964	500		4	8kg	linux
http://www.cel.ro/calculatoare-desktop/desktop-dell-optiplex-3020-sff-i5_4590-500gb-4gb-win8-l/	2779	intel core i5 4590 	intel	hd  4600	6953	706	500		4	6 kg	windows 8 (64bit)
http://www.cel.ro/calculatoare-desktop/desktop-lenovo-ideacentre-c260-quad-core-j2900-500gb-4gb-dvdrw-hdplus-l/	1399	intel pentium j2900	intel	hd 	2059	-	500		4	3.5 kg	fara sistem
http://www.cel.ro/calculatoare-desktop/desktop-dell-optiplex-3020-sff-dual-core-g3250-500gb_7200rpm-4gb-win7-pro-l/	2149	intel pentium g3250	intel	hd 	3328	-	500		4	9.4kg	windows 8 (64bit)
http://www.cel.ro/calculatoare-desktop/desktop-dell-xps-8900-mt-i7_6700-2tb-16gb-radeon-r9-370-4gb-win10-l/	6379	ntel core i7 6700	amd	r9 370	-	4248	2000		16	13.8 kg	windows 10
http://www.cel.ro/calculatoare-desktop/diaxxa-office-intel-core-i5_6402p-2.8ghz-1tb_7200rpm-8gb-l/	1599	intel core i5 6402p 			6498	-	1000		8		fara sistem
http://www.cel.ro/calculatoare-desktop/desktop-acer-aspire-xc_704-quad_core-n3150-500gb-4gb-dvdrw-l/	979	intel celeron n3150	intel	intel hd 	1680	311	500		4		fara sistem
http://www.cel.ro/calculatoare-desktop/desktop-hp-prodesk-490-g2-i7_4790-1tb-4gb-win8-pro-l/	3459	intel core i7 4790 	intel	hd  4600	11204	706	1000		4	6.5 kg	windows 8 professional (64bit)
http://www.cel.ro/calculatoare-desktop/desktop-dell-optiplex-5040-sff-i7_6700-500gb-8gb-win10pro-l/	3899	intel core i7 6700	intel	intel hd  530	11003	964	500		8	4.48kg	windows 10 pro
http://www.cel.ro/calculatoare-desktop/desktop-hp-prodesk-400-g2-mt-dual-core-g3250-500gb-4gb-dvdrw-win8pro-l/	2049	intel pentium g3250	intel	intel hd 	3328	311	500		4	6.5 kg	windows 8 professional (64bit)
http://www.cel.ro/calculatoare-desktop/desktop-asus-rog-tytan-g30ak_ro020d-i7_4790k-1tbplus128gb-16gb-gtx960-2gb-l/	6744	intel core i7 4790k 	nvidia	gtx960	11204	5938	128		16	9 kg	fara sistem
http://www.cel.ro/calculatoare-desktop/desktop-asus-rog-g11cb_ro005d-i7_6700-1tbplus256gb-16gb-gtx970-4gb-bluray-l/	6699	intel core i7 6700	nvidia	gtx 970	11003	8666	1000		16	9.78kg	fara sistem
http://www.cel.ro/calculatoare-desktop/desktop-lenovo-ideacentre-700_24ish-aio-i5_6400-2tbplus8gb-8gb-gtx950a-2gb-fhd-l/	3499	intel core i5 6400	nvidia	gtx950a	5286	1484	2000		8	8.5	fara sistem
http://www.cel.ro/calculatoare-desktop/desktop-dell-vostro-3900-mt-i3_4170-500gb-4gb-l/	1649	intel core i3 4170	intel	intel hd  4400	4583	547	500		4	7.2	linux
http://www.cel.ro/calculatoare-desktop/desktop-lenovo-thinkcentre-m900z-i7_6700-500gb-4gb-win10pro-fhd-touch-l/	6254	intel core i7 6700	intel	intel hd  530	11003	964	500		4	7,8	windows 10 pro
http://www.cel.ro/calculatoare-desktop/desktop-lenovo-aio-a740-i7_5557u-1tbplus8gb-8gb-gtx950a-2gb-win10-qhd-touch-l/	8059	intel core i7 5557u 	nvidia	gtx950a	4935	1484	1000		8	8.9kg	windows 10
http://www.cel.ro/calculatoare-desktop/mini_pc-lenovo-ideacentre-200_01bw-i3_5005u-500gb_5400rpm-4gb-l/	1199	intel core i3 5005u	intel	intel hd 	2910	311	500		4	1 kg	fara sistem
http://www.cel.ro/calculatoare-desktop/desktop-dell-optiplex-7440-aio-i5_6500-500gb-4gb-win10pro-fullhd-l/	5394	intel core i5 6500	intel	intel hd  530	5736	964	500		4	7.21	windows 10 pro
http://www.cel.ro/calculatoare-desktop/desktop-lenovo-ideacentre-300s-dual-core-n3050-500gb-4gb-dvdrw-l/	1024		intel hd 		-	311	500	hdd	1 x 4	5.9	fara sistem
http://www.cel.ro/calculatoare-desktop/desktop-hp-285-g2-amd-a6_5400b-1tb-4gb-dvdrw-l/	869	a6 5400b	amd	hd 7540d	-	518	1000		4	6.11	fara sistem
http://www.cel.ro/calculatoare-desktop/desktop-dell-optiplex-7040-mt-i5_6500-500gb-8gb-l/	3444	intel core i5 6500	intel	intel hd  530	5736	964	500		8	8kg	linux
http://www.cel.ro/calculatoare-desktop/desktop-fujitsu-esprimo-p420-i5_4460-1tb-4gb-l/	2144	intel core i5 4460	intel	hd  4600	6350	706	1000		4	9 kg	fara sistem
http://www.cel.ro/calculatoare-desktop/desktop-asus-m32ad-i5_4460-1tb-4gb-nvidia-gtx750-1gb-dvdrw-l/	2349	intel core i5 4460 	nvidia	gtx750	6350	3684	1000		4	8.29 kg	fara sistem
http://www.cel.ro/calculatoare-desktop/desktop-asus-k31am_j-dual-core-j1800-500gb-4gb-dvdrw-l/	1049	intel celeron  j1800	intel hd 		1030	311	500		4	8.7kg	fara sistem
http://www.cel.ro/calculatoare-desktop/apple-mac-pro-six_core-xeon-e5-3.5ghz-256gb-16gb-d500-3gb-int-l/	19469	intel xeon  e5 1650v2	firepro d500		-	-	256		16	5 kg	mac os
http://www.cel.ro/calculatoare-desktop/apple-imac-27-i5-3.2ghz-1tb-8gb-radeon-r9-m390-2gb-os-x-el-capitan-5k-retina-int-l/	9749	intel core i5	amd	r9 m390	2197	-	1000		8	9.54	mac os
http://www.cel.ro/calculatoare-desktop/desktop-dell-xps-8900-i7_6700-2tb-16gb-win10-l/	6589	ntel core i7 6700	intel	intel hd  530	-	964	2000		16	13.8 kg	windows 10
http://www.cel.ro/calculatoare-desktop/desktop-hp-z240t-xeon-e3_1245v5-2tbplus256gb-16gb-win10pro-l/	6859	intel xeon e3 1245 v5	intel	intel hd  p530	-	933	256		16	8.6	windows 10 pro
http://www.cel.ro/calculatoare-desktop/diaxxa-warrior-i7_4790-3.6ghz-1tb_7200rpm-8gb-gtx950-2gb-l/	3399	intel core i7 4790 	nvidia	gtx 950 oc	11204	-	1000		8	5.1 kg	fara sistem
http://www.cel.ro/calculatoare-desktop/diaxxa-office-i3_6098p-3.6ghz-500gb_7200rpm-4gb-l/	1199	intel core i3 6100 			3820	-	500		4		fara sistem
http://www.cel.ro/calculatoare-desktop/diaxxa-office-skylake-i5_6400-2.7ghz-1tb_7200rpm-8gb-500w-l/	1699	intel core i5 6400 			5286	-	1000		8		fara sistem
http://www.cel.ro/calculatoare-desktop/desktop-dell-optiplex-7020-mt-i5_4590-500gb-8gb-win7pro-l/	3519	intel core i5 4590 	intel	hd  4600	6953	706	500		8	9.4 kg	windows 7 professional (64bit)
http://www.cel.ro/calculatoare-desktop/desktop-dell-optiplex-3030-aio-i5_4590s-1tb-8gb-win7-pro-v2-l/	3949	intel core i5 4590s 	intel	hd  4600	6953	706	1000		8	6.33 kg	windows 7 professional (64bit)
http://www.cel.ro/calculatoare-desktop/desktop-hp-prodesk-600-g1-sff-i3_4160-500gb-4gb-dvdrw-win8-l/	3149	intel core i3 4160	intel	hd  4400	4383	547	500		4	7.6 kg	windows 8 (64bit)
http://www.cel.ro/calculatoare-desktop/desktop-asus-rog-tytan-g30ak-i7_4790k-1tb-16gb-gtx760-3gb-l/	4699	intel core i7 4790k	nvidia	gtx760	11204	5068	1000		16	14.36 kg	fara sistem
http://www.cel.ro/calculatoare-desktop/desktop-maguay-gamepower-junior-i5_4460-1tb_7200rpm-8gb-gtx750-2gb-l/	2604	intel core i5 4460 	nvidia	gtx750	6350	3684	1000		8		fara sistem
http://www.cel.ro/calculatoare-desktop/desktop-hp-prodesk-400-g3-mt-i5_6500-500gb-4gb-l/	1999	intel core i5 6500	intel	intel hd  530	5736	964	500		4	7.05 kg	fara sistem
http://www.cel.ro/calculatoare-desktop/desktop-hp-z240t-i7_6700-1tb-8gb-win10pro-l/	5124	intel core i7 6700	intel	intel hd  530	11003	964	1000		8	8.6	windows 10 pro
http://www.cel.ro/calculatoare-desktop/desktop-hp-280-g1-mt-i3_4160-500gb_7200rpm-4gb-l/	1854	intel core i3 4160 	intel	hd  4400	4383	547	500		4	7 kg	fara sistem
http://www.cel.ro/calculatoare-desktop/desktop-dell-optiplex-9020-mt-i5_4590-500gb-8gb-l/	3029	intel core i5 4590 	intel		6953	-	500		8	9.4 kg	
http://www.cel.ro/calculatoare-desktop/desktop-maguay-gamepower-junior-i3_4170-1tb_7200rpm-4gb-gt730-2gb-l/	1769	intel core i3 4170 	nvidia	gt730	4583	-	1000		4		fara sistem
http://www.cel.ro/calculatoare-desktop/desktop-maguay-expertstation-dual-core-g1840-500gb_7200rpm-4gb-l/	849	intel celeron  g1840	intel	intel hd 	2971	311	500		4		fara sistem
http://www.cel.ro/calculatoare-desktop/desktop-dell-optiplex-5040-mt-i5_6500-500gb-4gb-win8pro-l/	3299	intel core i5 6500	intel	intel hd  530	5736	964	500		4	8kg	windows 8 professional (64bit)
http://www.cel.ro/calculatoare-desktop/desktop-lenovo-thinkcentre-e73-twr-i5_4460s-1tb_7200rpm-8gb-win7-pro-l/	2749	intel core i5 4460s 	intel	hd  4600	6350	706	1000		8	7.5 kg	windows 8 professional (64bit)
http://www.cel.ro/calculatoare-desktop/desktop-dell-optiplex-3030-aio-i5_4590s-500gb_7200rpm-4gb-touch-win8.1pro-l/	4144	intel core i5 4590s 	intel	hd  4600	6953	706	500		4	6.33 kg	windows 8 professional (64bit)
http://www.cel.ro/calculatoare-desktop/desktop-dell-optiplex-7040-mt-i7_6700-1tb-8gb-radeon-r7-350x-4gb-dvdrw-win10pro-l/	4599	intel core i7 6700	amd	r7 350x	11003	-	1000		8	8kg	windows 10 pro
http://www.cel.ro/calculatoare-desktop/desktop-hp-z640-xeon-e5_2620v3-2tbplus512gb-32gb-win10pro-l/	10899	intel xeon e5 2620 v3			-	-	2000		32	15	windows 10 pro
http://www.cel.ro/calculatoare-desktop/desktop-fujitsu-esprimo-d556-e85plus-i5_6400-500gb-4gb-win10pro-l/	2804	intel core i5 6400	intel	intel hd  530	5286	964	500		4	8	windows 10 pro
http://www.cel.ro/calculatoare-desktop/mini_pc-dell-optiplex-7040-i7_6700t-128gb-8gb-win10pro-l/	4689	intel core i7 6700t	intel	intel hd  530	8951	964	128		8	1.28	windows 10 pro
http://www.cel.ro/calculatoare-desktop/desktop-hp-z230-sff-e3_1225v3-500gb_7200rpm-4gb-win7-pro-l/	3144	intel xeon  e3 1225 v3	intel	hd  p4600	-	604	500		4	7.2 kg	windows 8 professional (64bit)
http://www.cel.ro/calculatoare-desktop/desktop-lenovo-ideacentre-700_27ish-i7_6700-2tbplus8gb-8gb-gtx950a-2gb-fhd-touch-l/	4999	intel core i7 6700	nvidia	gtx950a	11003	1484	2000		8	10.6	fara sistem
http://www.cel.ro/calculatoare-desktop/apple-mac-pro-quad_core-xeon-e5-3.7ghz-256gb-12gb-d300-2gb-ro-l/	14509	intel xeon  e5 1620v2	firepro d300		-	-	256		12	5 kg	mac os
http://www.cel.ro/calculatoare-desktop/mini_pc-intel-nuc-kit-boxnuc6i5syh-i5_6260u-nohdd-noram-l/	1849	intel core i5 6260u	intel	intel hd  520	4330	788	nohdd		noram		fara sistem
http://www.cel.ro/calculatoare-desktop/desktop-maguay-gamepower-z170-i5_6600k-2tb_7200rpm-16gb-gtx970-oc-4gb-l/	5614	intel core i5 6600k	nvidia	gtx970 directcu ii oc	7801	-	2000		16		fara sistem
http://www.cel.ro/calculatoare-desktop/desktop-dell-xps-8700-i7_4790-1tb-16gb-nvidia-gtx745-4gb-dvdrw-win10-l/	4974	intel core i7 4790 	nvidia	gtx 745	11204	2159	1000		16	13.8 kg	windows 10
http://www.cel.ro/calculatoare-desktop/desktop-dell-optiplex-5040-sff-i5_6500-500gb-4gb-dvdrw-win10pro-l/	2899	intel core i5 6500	intel	intel hd  530	5736	964	500		4	4.48kg	windows 10 pro
http://www.cel.ro/calculatoare-desktop/desktop-lenovo-ideacentre-300s-i7_4790s-1tb-4gb-nvidia-gt720-2gb-dvdrw-l/	2799	intel core i7 4790s	nvidia	gt720	9623	-	1000		4	4.2	fara sistem
http://www.cel.ro/calculatoare-desktop/desktop-dell-optiplex-7020-mt-i7_4790-500gb-8gb-win7-pro-l/	3904	intel core i7 4790 	intel	intel hd  4600	11204	710	500		8	9.4 kg	windows 8 (64bit)
http://www.cel.ro/calculatoare-desktop/desktop-dell-optiplex-7020-mt-i7_4790-500gb_7200rpm-8gb-win7-pro-l/	3904	intel core i7 4790 	intel	hd  4600	11204	706	500		8	9.4 kg	windows 7 professional (64bit)
http://www.cel.ro/calculatoare-desktop/desktop-dell-optiplex-5040-mt-i5_6500-500gb-8gb-dvdrw-l/	2939	intel core i5 6500	intel	intel hd  530	5736	964	500		8	8kg	linux
http://www.cel.ro/calculatoare-desktop/desktop-lenovo-thinkcentre-e50_00-mt-quad-core-j2900-500gb_7200rpm-4gb-dvd_rw-l/	999	intel pentium  j2900	intel	hd 	2059	-	500		4	9.58kg	fara sistem
http://www.cel.ro/calculatoare-desktop/desktop-dell-optiplex-3020-mt-i5_4590-1tb_7200rpm-8gb-win7-pro-l/	2949	intel core i5 4590 	intel	hd  4600	6953	706	1000		8	9.4 kg	windows 7 professional (64bit)
http://www.cel.ro/calculatoare-desktop/desktop-dell-precision-5810-mt-xeon-e5_1620-v3-1tb-16gb-quadro-k4200-4gb-win8pro-l/	11744	intel xeon  e5 1620 v3	nvidia	quadro k4200	-	4428	1000		16		windows 8 professional (64bit)
http://www.cel.ro/calculatoare-desktop/mini_pc-lenovo-thinkcentre-m600-tiny-dual-core-n3050-500gb-2gb-win10pro-l/	1924	intel celeron n3050	intel	intel hd 	899	311	500		2	1.3	windows 10 pro
http://www.cel.ro/calculatoare-desktop/desktop-hp-elitedesk-800-g2-twr-i3_6100-500gb-4gb-dvdrw-win10pro-l/	3389	intel core i3 6100	intel	intel hd  530	3820	964	500		4	9,43 kg	windows 10 pro
http://www.cel.ro/calculatoare-desktop/desktop-dell-precision-3620-mt-xeon-e3_1240v5-2x1tb-16gb-quadro-k620-2gb-win7pro-l/	6499	intel xeon e3 1240 v5	nvidia	quadro k620	-	2263	2000		16	9.1	windows 7 professional (64bit)
http://www.cel.ro/calculatoare-desktop/desktop-dell-optiplex-3020-mt-i5_4590-1tb_7200rpm-8gb-win8pro-l/	3229	intel core i5 4590 	intel	hd  4600	6953	706	1000		8	9.4 kg	windows 7 professional (64bit)
http://www.cel.ro/calculatoare-desktop/desktop-lenovo-thinkcentre-e73-sff-i5_4460s-500gb_7200rpm-4gb-win7-pro-l/	2899	intel core i5 4460s 	intel	intel hd  4600	6350	710	500		4	6 kg	windows 8 professional (64bit)
http://www.cel.ro/calculatoare-desktop/desktop-dell-optiplex-7040-mt-i7_6700-1tb-8gb-radeon-r7-350x-4gb-win10pro-l/	5394	intel core i7 6700	amd	r7 350x	11003	-	1000		8	8kg	windows 10 pro
http://www.cel.ro/calculatoare-desktop/desktop-dell-optiplex-3020-sff-i5_4590-500gb_7200rpm-8gb-win7propluswin8.1-l/	3159	intel core i5 4590 	intel	hd  4600	6953	706	500		8	6 kg	windows 8.1
http://www.cel.ro/calculatoare-desktop/desktop-dell-vostro-3900-mt-i5_4460-500gb-4gb-l/	2099	intel core i5 4460	intel	intel hd  4600	6350	710	500		4	7.2	linux
http://www.cel.ro/calculatoare-desktop/desktop-dell-optiplex-7020-mt-i3_4160-500gb_7200rpm-4gb-dvdrw-l/	1799	intel core i3 4160 	intel	hd  4400	4383	547	500		4	9.4 kg	linux
http://www.cel.ro/calculatoare-desktop/desktop-asus-k31an_ro005d-quad-core-j2900-1tb-4gb-dvdrw-resigilat-l/	899	intel pentium  j2900	intel	intel hd 	2059	311	1000		4	5.3 kg	fara sistem
http://www.cel.ro/calculatoare-desktop/desktop-dell-optiplex-7020-mt-i7_4790-500gb-8gb-l/	3199	intel core i7 4790 	intel	hd  4600	11204	706	500		8	9.4 kg	linux
http://www.cel.ro/calculatoare-desktop/desktop-hp-280-g1-mt-dual-core-g3250-500gb_7200rpm-4gb-win8-pro-l/	2039	intel pentium  g3250	intel	hd 	3328	-	500		4		windows 8 professional (64bit)
http://www.cel.ro/calculatoare-desktop/desktop-lenovo-ideacentre-300-aio-i5_6200u-1tb-4gb-gt920a-2gb-fullhd-touch-l/	3299	intel core i5 6200	nvidia	gt920a	3917	-	1000		4		fara sistem
http://www.cel.ro/calculatoare-desktop/desktop-asus-k31an_ro005d-quad-core-j2900-1tb-4gb-dvdrw-l/	999	intel pentium  j2900	intel	intel hd 	2059	311	1000		4	5.3 kg	fara sistem
http://www.cel.ro/calculatoare-desktop/desktop-dell-7810-dual-xeon-e5_2650v3-1tb-plus256gb-32gb-quadro-k5200-8gb-win7pro-l/	27794	intel xeon e5 2650 v3	nvidia	quadro k5200	-	6139	1000		32		windows 8.1
http://www.cel.ro/calculatoare-desktop/desktop-dell-optiplex-7040-sff-i5_6500-500gb-4gb-win8pro-l/	3924	intel core i5 6500	intel	intel hd  530	5736	964	500		4	4.48kg	windows 8 professional (64bit)
http://www.cel.ro/calculatoare-desktop/desktop-lenovo-ideacentre-y900-i5_6600k-2tbplus8gb-256gb-16gb-gtx-980-4gb-win10-l/	6999	intel core i5 6600k	nvidia	gtx980	7801	11578	2000		16	15	windows 10
http://www.cel.ro/calculatoare-desktop/desktop-dell-optiplex-3020-mt-dual-core-g3240-500gb-4gb-l/	1629	intel pentium  g3240	intel	hd 	3276	-	500		4	9.4 kg	linux
http://www.cel.ro/calculatoare-desktop/desktop-hp-280-g2-mt-i3_6100-500gb-4gb-dvdrw-l/	1599	intel core i3 6100	intel	intel hd  530	3820	964	500		4	6,11	fara sistem
http://www.cel.ro/calculatoare-desktop/desktop-hp-elitedesk-800-g2-sff-i5_6500-500gb-8gb-win7pro-l/	3709	intel core i5 6500	intel	intel hd  530	5736	964	500		8	7,6kg	windows 7 professional (64bit)
http://www.cel.ro/calculatoare-desktop/desktop-dell-optiplex-9020-mt-i5_4590-500gb-4gb-win8-l/	3594	intel core i5 4590 	intel	hd  4600	6953	706	500		4	9.4 kg	windows 8.1
http://www.cel.ro/calculatoare-desktop/desktop-dell-precision-3620-mt-xeon-e3_1240v5-1tb-8gb-k2200-4gb-win10-l/	6754	intel xeon e3 1240 v5	nvidia	quadro k2200	-	3422	1000		8	9.1	windows 10
http://www.cel.ro/calculatoare-desktop/mini_pc-dell-alienware-alpha-base-sff-i5_4590t-1tb-8gb-nvidia-gtx-2gb-win8-l/	3464	intel core i5 4590t	nvidia	gtx	5484	-	1000		8	2kg	windows 8 (64bit)
http://www.cel.ro/calculatoare-desktop/desktop-hp-prodesk-600-g1-sff-i5_4570-500gb-4gb-win7-pro-l/	3574	intel core i5 4570 	intel	hd  4600	6485	706	500		4	7,6 kg	windows 7 professional (64bit)
http://www.cel.ro/calculatoare-desktop/desktop-hp-prodesk-600-g2-sff-i5_6500-500gb-8gb-win7pro-l/	3804	intel core i5 6500	intel	intel hd  530	5736	964	500		8	7,6 kg	windows 7 professional (64bit)
http://www.cel.ro/calculatoare-desktop/diaxxa-office-i3_4170-3.7ghz-1tb-8gb-ddr3-1600mhz-l/	1299	intel core i3 4170		intel hd  4400	4583	547	1000		8	3.3kg	fara sistem
http://www.cel.ro/calculatoare-desktop/desktop-hp-elitedesk-800-g2-twr-i5_6500-128gb-8gb-win10pro-l/	3969	intel core i5 6500	intel	intel hd  530	5736	964	128		8	9,43 kg	windows 10 pro
http://www.cel.ro/calculatoare-desktop/desktop-fujitsu-esprimo-e420-i5_4460-500gb-8gb-nvidia-gt630-2gb-win7pro-l/	4579	intel core i5 4460	nvidia	gt630	6350	-	500		8	9	windows 7 professional (64bit)
http://www.cel.ro/calculatoare-desktop/desktop-dell-optiplex-3020mt-i5_4590-500gb-4gb-l/	2329	intel core i5 4590 	intel	hd  4600	6953	706	500		4	9.4 kg	linux
http://www.cel.ro/calculatoare-desktop/desktop-dell-optiplex-7040-sff-i5_6500-500gb-8gb-win10-l/	3999	intel core i5 6500	intel	intel hd  530	5736	964	500		8	4.48kg	windows 10 pro
http://www.cel.ro/calculatoare-desktop/desktop-dell-optiplex-9020-mt-i7_4790-1tb-8gb-win8pro-l/	5409	intel core i7 4790 	intel hd  4600		11204	710	1000		8	9.4 kg	windows 7 professional (64bit)
http://www.cel.ro/calculatoare-desktop/desktop-dell-optiplex-3020-mt-i5_4590-1tb_7200rpm-8gb-win7propluswin8.1-l/	2899	intel core i5 4590 	intel	hd  4600	6953	706	1000		8	9.4 kg	windows 8.1
http://www.cel.ro/calculatoare-desktop/desktop-acer-aspire-au5_710-aio-i5_6400t-1tb-8gb-gtx940-2gb-win10-fullhd-l/	4749	intel core i5 6400t	nvidia	gtx940	5286	-	1000		8	12.5	windows 10
http://www.cel.ro/calculatoare-desktop/diaxxa-buget-skylake-g4400-3.3ghz-1tb_7200rpm-4gb-500w-plus-monitor-led-philips-l/	1349	intel pentium  g4400			3686	-	1000		4		fara sistem
http://www.cel.ro/calculatoare-desktop/desktop-fujitsu-esprimo-ph556-i3_6100-500gb-sshd-4gb-dvdrw-l/	1694	intel core i3 6100	intel	intel hd  530	3820	964	500		4	9	fara sistem
http://www.cel.ro/calculatoare-desktop/desktop-hp-elitedesk-800-g1-sff-i5_4570-500gb-4gb-radeon-hd-8490-1gb-win8-l/	3474	intel core i5 4570 	amd	hd 8490	6485	381	500		4	7,6 kg	windows 8 (64bit)
http://www.cel.ro/calculatoare-desktop/desktop-lenovo-thinkcentre-m73-twr-i3_4160-500gb-4gb-dvdrw-l/	1749	intel core i3 4160	intel	intel hd  4400	4383	547	500		4	9.39 kg	fara sistem
http://www.cel.ro/calculatoare-desktop/desktop-asus-rog-g11cb_ro003t-i7_6700-1tbplus8gb-sshd-8gb-gtx960-2gb-win10-l/	4599	intel core i7 6700	nvidia	gtx 960	11003	5938	1000		8	9.78kg	windows 10
http://www.cel.ro/calculatoare-desktop/desktop-lenovo-ideacentre-700_22ish-i3_6100t-1tbplus8gb-4gb-gtx930a-2gb-fullhd-l/	2699	intel core i3 6100t	nvidia	gtx930a	4788	-	1000		4	7.5	fara sistem
http://www.cel.ro/calculatoare-desktop/diaxxa-best-buy-dual-core-g1820-2.7ghz-500gb-4gb-ddr3-1600mhz-l/	769	intel celeron core		intel hd 	-	311	500		4	3.3 kg	fara sistem
http://www.cel.ro/calculatoare-desktop/desktop-dell-optiplex-3020-sff-i5_4590-500gb_7200rpm-4gb-ubuntu-l/	2229	intel core i5 4590 	intel	hd  4600	6953	706	500		4	6 kg	ubuntu
http://www.cel.ro/calculatoare-desktop/desktop-asus-et2230int_b015q-aio-i5_4460t-1tb-4gb-gt820m-1gb-touch-win8-resigila-l/	3199	intel core i5 4460t 	nvidia	gt820m	4876	-	1000		4	7.22 kg	windows 8 (64bit)
http://www.cel.ro/calculatoare-desktop/desktop-dell-optiplex-5040-mt-i5_6500-500gb-4gb-win7pro-l/	2994	intel core i5 6500	intel	intel hd  530	5736	964	500		4	8kg	windows 7 professional (64bit)
http://www.cel.ro/calculatoare-desktop/desktop-asus-rog-tytan-g30ak-i7_4790k-1tbplus128gb-16gb-gtx760-2gb-l/	5224	intel core i7 4790k	nvidia	gtx760	11204	5068	1000		16	14.36 kg	fara sistem
http://www.cel.ro/calculatoare-desktop/desktop-hp-z240t-xeon-e3_1240v5-1tb-8gb-win10pro-l/	5014	intel xeon e3 1240 v5			-	-	1000		8	8.6	windows 10 pro
http://www.cel.ro/calculatoare-desktop/desktop-lenovo-ideacentre-b5030-aio-i7_4785t-1tb-8gb-gt840m-2gb-fullhd-l/	3999	intel core i7 4785t 	nvidia	gt840m	7486	-	1000		8	8.6 kg	fara sistem
http://www.cel.ro/calculatoare-desktop/desktop-hp-elitedesk-800-g1-twr-i7_4790-500gb-4gb-l/	3504	intel core i7 4790	intel hd  4600	intel	11204	710	500		4	9.3	fara sistem
http://www.cel.ro/calculatoare-desktop/desktop-lenovo-thinkcentre-e73-mt-i3_4160-500gb-4gb-dvdrw-l/	1699	intel core i3 4160 	intel	intel hd  4400	4383	547	500		4	7.5 kg	fara sistem
http://www.cel.ro/calculatoare-desktop/desktop-dell-optiplex-3020-mt-i5_4590-1tb-8gb-dvdrw-ubuntu-l/	2604	intel core i5 4590 	intel	intel hd  4600	6953	710	1000		8	9.4 kg	linux
http://www.cel.ro/calculatoare-desktop/mini-pc-intel-nuc-kit-boxnuc5i5ryh-i5_5250u-nohdd-noram-l/	1984	intel core i5 5250u 	intel	4k hd  6000	3631	-	nohdd		noram		fara sistem
http://www.cel.ro/calculatoare-desktop/apple-mac-mini-intel-dual_core-i5-1.4ghz-500gb-4gb-int-l/	2379	intel core i5	intel	hd  5000	2197	593	500		4	1.19 kg	mac os
http://www.cel.ro/calculatoare-desktop/desktop-hp-elitedesk-800-g2-sff-i7_6700-256gb-8gb-win10pro-l/	4714	intel core i7 6700	intel	intel hd  530	11003	964	256		8	7.6 kg	windows 10 pro
http://www.cel.ro/calculatoare-desktop/desktop-lenovo-ideacentre-300s-i5_4460s-1tb-4gb-l/	1869	intel core i5 4460s	intel	intel hd  4600	6350	710	1000		4	5.9	fara sistem
http://www.cel.ro/calculatoare-desktop/desktop-dell-optiplex-7040-mt-i7_6700-500gb-4gb-l/	3399	intel core i7 6700	intel	intel hd  530	11003	964	500		4	8kg	linux
http://www.cel.ro/calculatoare-desktop/mini_pc-intel-nuc-kit-nuc5i7ryh-i7_5557u-nohdd-noram-l/	2369	intel core i7 5557u	intel iris  6100		4935	946	nohdd		noram		fara sistem
http://www.cel.ro/calculatoare-desktop/diaxxa-pro-buget-dual-core-j1800-2.4ghz-500gb-2gb-ddr3-l/	629	intel celeron j1800		intel hd 	1030	311	500		2	3.3kg	fara sistem
http://www.cel.ro/calculatoare-desktop/desktop-dell-vostro-3900-mt-i5_4460-1tb-8gb-nvidia-gtx745-4gb-l/	2649	intel core i5 4460	nvidia	gtx745	6350	2159	1000		8	7.2	linux
http://www.cel.ro/calculatoare-desktop/desktop-acer-veriton-z4710g-i3_4160-1tb-4gb-gt705-1gb-dvdrw-win8pro-fhd-l/	3114	intel core i3 4160	nvidia	gt705	4383	-	1000		4		windows 8 professional (64bit)
http://www.cel.ro/calculatoare-desktop/desktop-lenovo-thinkcentre-s200z-aio-quad-core-n3700-500gb-4gb-win10pro-hdplus-l/	2244	intel pentium n3700	intel	intel hd 	1879	311	500		4	6.71	windows 10 pro
http://www.cel.ro/calculatoare-desktop/diaxxa-vishera-fx_6300-1tb_7200rpm-4gb-gt_730-4gb-l/	1499	fx 6300 x6 6 core	nvidia	gt 730	-	928	1000		4		fara sistem
http://www.cel.ro/calculatoare-desktop/desktop-dell-optiplex-3020-mt-i5_4590-500gb_7200rpm-4gb-3-ani-garantie-l/	2214	intel core i5	intel	hd 4600	2197	706	500		4	9.4kg	linux
http://www.cel.ro/calculatoare-desktop/desktop-asus-k31bf_ro005d-a10_6700-1tb-8gb-r9-255-2gb-dvdrw-l/	1789	a10 6700	amd	r9 255	-	1802	1000		8	8.6kg	fara sistem
http://www.cel.ro/calculatoare-desktop/apple-mac-mini-intel-dual_core-i5-2.8ghz-1tb-fusion-8gb-int-l/	4694	intel core i5	intel	iris graphichs	2197	-	1000		8	1.22 kg	mac os
http://www.cel.ro/calculatoare-desktop/desktop-lenovo-thinkcentre-e73-mt-i5_4460s-1tb_7200rpm-8gb-win7-pro-l/	2799	intel core i5 4460s 	intel	hd  4600	6350	706	1000		8	7.5 kg	windows 8 professional (64bit)
http://www.cel.ro/calculatoare-desktop/desktop-lenovo-ideacentre-c40_30-aio-i3_5005u-1tb-4gb-gt820a-2gb-dvd_rw-fhd-l/	2699	intel core i3 5005u	nvidia	gt820a	2910	-	1000		4	5,5 kg	fara sistem
http://www.cel.ro/calculatoare-desktop/desktop-hp-elitedesk-800-g2-twr-i7_6700-500gb-8gb-win7pro-l/	4409	intel core i7 6700	intel	intel hd  530	11003	964	500		8	9,43 kg	windows 7 professional (64bit)
http://www.cel.ro/calculatoare-desktop/desktop-hp-prodesk-600-g2-mt-i5_6500-1tb-8gb-win10pro-l/	3609	intel core i5 6500	intel	intel hd  530	5736	964	1000		8	7.35 kg	windows 10 pro
http://www.cel.ro/calculatoare-desktop/mini-pc-dell-optiplex-9020-m-i5_4590t-500gb-8gb-win7pro-l/	3879	intel core i5 4590t 	intel	hd  4600	5484	706	500		8	1.28 kg	windows 7 professional (64bit)
http://www.cel.ro/calculatoare-desktop/desktop-hp-elitedesk-800-g2-twr-i5_6500-500gb-4gb-dvdrw-win7pro-l/	3749	intel core i5 6500	intel	intel hd  530	5736	964	500		4	9,43 kg	windows 7 professional (64bit)
http://www.cel.ro/calculatoare-desktop/desktop-dell-vostro-3900-mt-i5_4460-1tb-8gb-win8-l/	3354	intel core i5 4460	intel	intel hd  4600	6350	710	1000		8	7.2	windows 7
http://www.cel.ro/calculatoare-desktop/desktop-dell-optiplex-9020-mt-i5_4590-128gb-8gb-win10-l/	4434	intel core i5 4590 	intel	hd  4600	6953	706	128		8	9.4 kg	windows 10
http://www.cel.ro/calculatoare-desktop/desktop-acer-extensa-x2610g-dual-core-n3050-500gb-4gb-dvdrw-l/	919	intel celeronn3050	intel	intel hd 	-	311	500		4		fara sistem
http://www.cel.ro/calculatoare-desktop/desktop-dell-optiplex-3020-mt-i3_4160-500gb_7200rpm-4gb-dvdrw-3-ani-garantie-l/	1599	intel core i3 4160 	intel	hd 	4383	-	500		4	9.4kg	linux
http://www.cel.ro/calculatoare-desktop/desktop-lenovo-thinkcentre-e73-twr-i5_4460s-1tb_7200rpm-4gb-gt620-1gb-win7-pro-l/	2849	intel core i5 4460s 	nvidia	gt620	6350	-	1000		4	7.5 kg	windows 7 professional (64bit)
http://www.cel.ro/calculatoare-desktop/desktopplusmonitor-hp-400-g3-mt-i7_6700-500gb-4gb-l/	3224	intel core i7 6700	intel	intel hd  530	11003	964	500		4	6.5	fara sistem
http://www.cel.ro/calculatoare-desktop/desktop-dell-optiplex-9020-mt-i7_4790-256gb-16gb-win7-pro-l/	4894	intel core i7 4790 	intel	hd  4600	11204	706	256		16	9.4 kg	windows 8 professional (64bit)
http://www.cel.ro/calculatoare-desktop/desktop-hp-prodesk-600-g1-sff-i5_4590-500gb-4gb-win8-l/	3549	intel core i5 4590	intel	hd  4400	6953	547	500		4	7.6 kg	windows 8 (64bit)
http://www.cel.ro/calculatoare-desktop/desktop-acer-veriton-z4710g-i3_4170-500gb-4gb-dvdrw-win8pro-fullhd-l/	3694	intel core i3 4170	intel	intel hd  4400	4583	547	500		4		windows 8 professional (64bit)
http://www.cel.ro/calculatoare-desktop/desktop-hp-proone-400-g2-aio-i5_6500t-1tb-8gb-dvdrw-win10-hdplus-l/	3399	intel core i5 6500t	intel	intel hd  530	5736	964	1000		8	5.45	windows 10
http://www.cel.ro/calculatoare-desktop/desktop-dell-optiplex-5040-mt-i5_6500-500gb-8gb-win10pro-l/	3484	intel core i5 6500	intel	intel hd  530	5736	964	500		8	8kg	windows 10 pro
http://www.cel.ro/calculatoare-desktop/desktop-lenovo-ideacentre-300_22isu-aio-i5_6200u-4gb-1tb-gt920a-2gb-fullhd-l/	2749	intel core i5 6200u	nvidia	gt920a	3898	-	1000		4	6.5 kg	fara sistem
http://www.cel.ro/calculatoare-desktop/desktop-dell-optiplex-5040-mt-i7_6700-500gb-8gb-l/	2899	intel core i7 6700	intel	intel hd  530	11003	964	500		8	8kg	linux
http://www.cel.ro/calculatoare-desktop/desktop-dell-xps-18-aio-i5_4210u-1tbplus32gb-8gb-win8-full-hd-touch-l/	4509	intel core i5 4210u 	intel	hd  4400	3384	547	1000		8	2.29 kg	windows 8 (64bit)
http://www.cel.ro/calculatoare-desktop/desktop-dell-precision-3620-mt-i7_6700-1tb-8gb-quadro-k620-2gb-win10-l/	5624	intel core i7 6700	nvidia	quadro k620	11003	2263	1000		8	9.1	windows 10
http://www.cel.ro/calculatoare-desktop/desktop-dell-precision-3420-sff-i5_6600-1tb-8gb-quadro-k620-2gb-dvdrw-win7pro-l/	5024	intel core i5 6600	nvidia	quadro k620	7801	2263	1000		8	5.3	windows 7 professional (64bit)
http://www.cel.ro/calculatoare-desktop/mini-pc-intel-nuc-kit-dccp847dye-dual-core-847-nohdd-noram-l/	759	intel celeron  847	intel	hd 	950	-					fara sistem
http://www.cel.ro/calculatoare-desktop/desktop-lenovo-yoga-home-500-i5_5200u-1tbplus8gb-8gb-gt920a-1gb-win10-fullhd-touch-l/	4499	intel core i5 5200u	nvidia	920a	3522	-	1000		8	4.6	windows 10
http://www.cel.ro/calculatoare-desktop/desktop-dell-optiplex-7040-mt-i7_6700t-500gb-8gb-l/	3924	intel core i7 6700t	intel	intel hd  530	8951	964	500		8	8kg	fara sistem
http://www.cel.ro/calculatoare-desktop/desktop-dell-optiplex-3020-sff-dual-core-g3250-500gb_7200rpm-4gb-3-ani-garantie-l/	1649	intel pentium g3250	intel	hd 	3328	-	500		4	9.4kg	linux
http://www.cel.ro/calculatoare-desktop/desktop-hp-elitedesk-800-g2-twr-i5_6500-500gb-8gb-win7pro-l/	3804	intel core i5 6500	intel	intel hd  530	5736	964	500		8	9,43 kg	windows 7 professional (64bit)
http://www.cel.ro/calculatoare-desktop/apple-mac-pro-six_core-xeon-e5-3.5ghz-256gb-16gb-d500-3gb-ro-l/	19469	intel xeon  e5 1650v2	firepro d500		-	-	256		16	5 kg	mac os
http://www.cel.ro/calculatoare-desktop/desktop-dell-vostro-3900-mt-i5_4460-500gb-4gb-win8pro-l/	2679	intel core i5 4460	intel	intel hd  4600	6350	710	500		4	7.2	windows 8 professional (64bit)
http://www.cel.ro/calculatoare-desktop/desktop-dell-optiplex-3040-sff-i5_6500-500gb-4gb-win10pro-l/	3069	intel core i5 6500	intel	intel hd  530	5736	964	500		4	8kg	windows 10 pro
http://www.cel.ro/calculatoare-desktop/mini_pc-dell-optiplex-3020-micro-dual-core-g3250t-500gb_7200rpm-4gb-l/	1379	intel pentium  g3250t	intel	hd 	2841	-	500		4	1.28 kg	linux
http://www.cel.ro/calculatoare-desktop/desktop-dell-vostro-3900-mt-i3_4170-500gb-4gb-win10pro-l/	2199	intel core i3 4170	intel	intel hd  4400	4583	547	500		4	7.2	windows 10 pro
http://www.cel.ro/calculatoare-desktop/desktop-dell-optiplex-7020-sff-i5_4590-500gb-8gb-win7-l/	3519	intel core i5 4590	intel	hd  4600	6953	706	500		8	6 kg	windows 7
http://www.cel.ro/calculatoare-desktop/desktop-hp-z240-sff-i7_6700-1tb-8gb-win10pro-l/	5369	intel core i7 6700	intel	intel hd  530	11003	964	1000		8	5.7	windows 10 pro
http://www.cel.ro/calculatoare-desktop/desktop-hp-z240t-i7_6700-2tbplus256gb-8gb-quadro-k620-2gb-win10pro-l/	7444	intel core i7 6700	nvidia	 quadro k620	11003	2263	256		8	8.6	windows 10 pro
http://www.cel.ro/calculatoare-desktop/mini_pc-intel-nuc-kit-boxnuc6i3syh-i3_6100u-nohdd-noram-l/	1449	intel core i3 6100u	intel	intel hd  520	3505	788	nohdd		noram		fara sistem
http://www.cel.ro/calculatoare-desktop/desktop-dell-optiplex-7040-mt-i7_6700-1tb-8gb-radeon-r7-350x-4gb-win8pro-l/	5394	intel core i7 6700	amd	r7 350x	11003	-	1000		8	8kg	windows 8 professional (64bit)
http://www.cel.ro/calculatoare-desktop/mini-pc-dell-optiplex-9020-m-i5_4590t-128gb-8gb-win7pro-l/	4089	intel core i5 4590t 	intel	hd  4600	5484	706	128		8	1.28 kg	windows 7 professional (64bit)
http://www.cel.ro/calculatoare-desktop/desktop-dell-precision-t1700-sff-i5_4590-500gb-8gb-firepro-w2100-2gb-win8pro-l/	3909	intel core i5 4590 	amd	firepro w2100	6953	905	500		8		windows 7 professional (64bit)
http://www.cel.ro/calculatoare-desktop/desktop-dell-optiplex-7040-mt-i7_6700-500gb-8gb-win10-l/	4769	intel core i7 6700	intel	intel hd  530	11003	964	500		8	8kg	windows 10 pro
http://www.cel.ro/calculatoare-desktop/desktop-hp-z440-xeon-e5_1620v3-256gb-32gb-quadro-k2200-4gb-win10pro-l/	10884	intel xeon  e5 1620v3	nvidia	quadro k2200	-	3422	256		32	11 kg	windows 10 pro
http://www.cel.ro/calculatoare-desktop/desktop-dell-optiplex-9020-mt-i5_4590-500gb-4gb-win7pro-l/	3329	intel core i5 4590 	intel	hd  4600	6953	706	500		4	9.4 kg	windows 7 professional (64bit)
http://www.cel.ro/calculatoare-desktop/desktop-lenovo-thinkstation-p300-xeon-e3_1226v3-1tbplus8gb-8gb-win7pro-l/	4969	intel xeon e3 1226 v3	intel	intel hd  p4600	-	604	1000		8	13	windows 7 professional (64bit)
http://www.cel.ro/calculatoare-desktop/desktop-hp-z240t-i7_6700-256gb-8gb-win10pro-l/	5619	intel core i7 6700	intel	intel hd  530	11003	964	256		8	8.6	windows 10 pro
http://www.cel.ro/calculatoare-desktop/mini_pc-intel-nuc-kit-nuc5cpyh-dual-core-n3050-nohdd-noram-l/	649	intel celeron  n3050	intel hd 		899	311	nohdd		noram		fara sistem
http://www.cel.ro/calculatoare-desktop/desktop-acer-aspire-xc_705-i5_4460-1tb-4gb-radeon-r7-370-2gb-l/	2214	intel core i5 4460	amd	r7 370	6350	4461	1000		4		fara sistem
http://www.cel.ro/calculatoare-desktop/mini_pc-hp-prodesk-600-g2-i5_6500t-500gb-8gb-win7pro-l/	3659	intel core i5 6500t	intel	intel hd  530	5736	964	500		8	1.3	windows 7 professional (64bit)
http://www.cel.ro/calculatoare-desktop/diaxxa-best-buy-dual-core-g1820-2.7ghz-500gb-4gb-plus-monitor-led-philips-18.5inch-l/	1169	intel celeron core		intel hd 	-	311	500		4	3.3 kg	fara sistem
http://www.cel.ro/calculatoare-desktop/desktop-dell-optiplex-3240-aio-i5_6500-500gb-4gb-win10pro-fhd-l/	4629	intel core i5 6500	intel	intel hd  530	5736	964	500		4	7.37	windows 10 pro
http://www.cel.ro/calculatoare-desktop/desktop-lenovo-ideacentre-b50_30-i5_4460t-1tb-8gb-gt840a-2gb-win8-fullhd-l/	4399	intel core i5 4460t 	nvidia	gt820a	4876	-	1000		8	9kg	windows 8 (64bit)
http://www.cel.ro/calculatoare-desktop/desktop-maguay-expertstation-i3_4170-500gb_7200rpm-4gb-l/	1299	intel core i3 4170 	intel	intel hd 	4583	311	500		4		fara sistem
http://www.cel.ro/calculatoare-desktop/desktop-dell-optiplex-7020-mt-i5_4590-500gb-4gb-l/	2349	intel core i5 4590 	intel	hd  4600	6953	706	500		4	9.4 kg	linux
http://www.cel.ro/calculatoare-desktop/desktop-dell-optiplex-7040-mt-i5_6500-500gb-4gb-win10pro-l/	3874	intel core i5 6500	intel	intel hd  530	5736	964	500		4	8kg	windows 10 pro
http://www.cel.ro/calculatoare-desktop/desktop-dell-optiplex-3020-mt-i3_4160-500gb-4gb-win8-l/	2324	intel core i3 4160 	intel	hd  4400	4383	547	500		4	9.4 kg	windows 8 (64bit)
http://www.cel.ro/calculatoare-desktop/mini_pc-dell-optiplex-3020-i3_4160t-500gb-4gb-ubuntu-l/	1849	intel core i3 4160t 	intel	intel hd  4400	4383	547	500		4	1.28 kg	linux
http://www.cel.ro/calculatoare-desktop/desktop-asus-k20cd-i5_6400-1tb-4gb-nvidia-gt720-2gb-l/	2314	intel core i5 6400	nvidia	gt720	5286	-	1000		4	6	fara sistem
http://www.cel.ro/calculatoare-desktop/desktop-lenovo-ideacentre-c260-dual-core-j1800-500gb-4gb-dvdrw-hdplus-alb-l/	1299	intel celeron  j1800	intel	hd 	1030	-	500		4	3.5 kg	fara sistem
http://www.cel.ro/calculatoare-desktop/desktop-maguay-expertstation-i5_4460-1tb-7200rpm-4gb-l/	1699	intel core i5 4460		intel hd  4600	6350	710	1000		4		fara sistem
http://www.cel.ro/calculatoare-desktop/mini_pc-lenovo-ideacentre-m73-tiny-dual-core-g3240t-500gb-4gb-win8pro-l/	2249	intel pentium g3240t	intel	intel hd  4400	2988	547	500		4		windows 7 professional (64bit)
http://www.cel.ro/calculatoare-desktop/desktopplusmonitor-hp-prodesk-280g1-mt-i3_4160-500gb-4gb-dvdrw-win10pro-l/	2724	intel core i3 4160	intel	intel hd  4400	4383	547	500		4	6.5	windows 10 pro
http://www.cel.ro/calculatoare-desktop/diaxxa-best-buy-dual-core-g3260-3.3ghz-1tb-4gb-plus-monitor-led-philips-18.5inch-l/	1229			intel hd 	-	311	1000		4		fara sistem
http://www.cel.ro/calculatoare-desktop/desktop-lenovo-ideacentre-300s-quad-core-n3700-1tb-4gb-gt720-2gb-dvdrw-l/	1399	intel pentium  n3700	nvidia	gt720	1879	-	1000		4	5.9	fara sistem
http://www.cel.ro/calculatoare-desktop/desktop-dell-inspiron-3459-aio-i3_6100u-1tb-4gb-dvdrw-win10-fullhd-negru-l/	3409	intel core i3 6100u	intel	intel hd  520	3505	788	1000		4	6.28	windows 10
http://www.cel.ro/calculatoare-desktop/desktop-lenovo-thinkstation-p300-xeon-e3_1246v3-256gb-8gb-win7pro-l/	5919	intel xeon e3 1246 v3	intel	intel hd  p4600	-	604	256		8	13	windows 7 professional (64bit)
http://www.cel.ro/calculatoare-desktop/desktop-lenovo-thinkcentre-m800z-aio-i5_6400-1tb-4gb-win10pro-fullhd-l/	4644	intel core i5 6400	intel	intel hd  530	5286	964	1000		4	7.7	windows 10 pro
http://www.cel.ro/calculatoare-desktop/desktop-asus-et2230int_b015q-aio-i5_4460t-1tb-4gb-gt820m-1gb-touch-win8-l/	3499	intel core i5 4460t 	nvidia	gt820m	4876	-	1000		4	7.22 kg	windows 8 (64bit)
http://www.cel.ro/calculatoare-desktop/desktop-dell-optiplex-3030-aio-i5_4590s-500gb_5400rpm-4gb-touch-win7-pro-l/	3899	intel core i5 4590s 	intel	intel hd  4600	6953	710	500		4	6.3kg	windows 7 professional (64bit)
http://www.cel.ro/calculatoare-desktop/mini_pc-lenovo-ideacentre-200_01bw-i3_5005u-1tb_5400rpm-4gb-l/	1199	intel core i3 5005u	intel	intel hd 	2910	311	1000		4	1 kg	fara sistem
http://www.cel.ro/calculatoare-desktop/desktop-dell-optiplex-3030-aio-i5_4590s-500gb-8gb-win8pro-hdplus-touch-l/	4039	intel core i5 4590s 	intel	hd  4600	6953	706	500		8	6.33 kg	windows 8 professional (64bit)
http://www.cel.ro/calculatoare-desktop/desktop-hp-z240t-i7_6700-1tbplus256gb-8gb-win10pro-l/	6239	intel core i7 6700	intel	intel hd  530	11003	964	256		8	8.6	windows 10 pro
http://www.cel.ro/calculatoare-desktop/desktop-dell-optiplex-7040-mt-i5_6500-500gb-4gb-win7pro-l/	3829	intel core i5 6500	intel	intel hd  530	5736	964	500		4	8kg	windows 7 professional (64bit)
http://www.cel.ro/calculatoare-desktop/desktop-dell-precision-3420-sff-xeon-e3_1240-v5-500gb-8gb-quadro-k420-2gb-win7pr-l/	5169	intel xeon e3 1240 v5	nvidia	quadro k420	-	830	500		8	5.3	windows 7 professional (64bit)
http://www.cel.ro/calculatoare-desktop/desktop-dell-precision-3620-mt-xeon-e3_1240v5-256gb-8gb-quadro-k420-2gb-win10-l/	5834	intel xeon e3 1240v5	nvidia	quadro k420	-	830	256		8	9.1	windows 10
http://www.cel.ro/calculatoare-desktop/desktop-dell-optiplex-7020-mt-i5_4590-500gb-4gb-win10-l/	3234	intel core i5 4590 	intel	hd  4600	6953	706	500		4	9.4 kg	windows 10
http://www.cel.ro/calculatoare-desktop/desktop-dell-optiplex-9020-mt-i5_4590-500gb_7200rpm-4gb-l/	2804	intel core i5 4590 	intel	intel hd  4600	6953	710	500		4	9.4 kg	linux
http://www.cel.ro/calculatoare-desktop/desktop-asus-zen-z240icgt-i7_6700t-512gb-32gb-gtx960m-4gb-win10-uhd-touch-l/	9869	intel core i7 6700t	nvidia	gtx960m	8951	1670	512		32	7.3	windows 10
http://www.cel.ro/calculatoare-desktop/micro_pc-intel-compute-stick-quad-core-z3735f-32gb-2gb-win10-l/	539	intel atom z3735f	intel	intel hd 	910	311	32		2	54 g	windows 10
http://www.cel.ro/calculatoare-desktop/diaxxa-office-i3_4170-3.7ghz-1tb-8gb-plus-monitor-led-philips-18.5inch-l/	1629	intel core i3 4170		intel hd  4400	4583	547	1000		8	3.3kg	fara sistem
http://www.cel.ro/calculatoare-desktop/desktop-dell-optiplex-7040-mt-i3_6100-256gb-16gb-win8pro-l/	3599	intel core i3 6100	intel	intel hd  530	3820	964	256		16	8kg	windows 8 professional (64bit)
http://www.cel.ro/calculatoare-desktop/desktop-dell-optiplex-3020-mt-i5_4590-1tb-8gb-win10-l/	3044	intel core i5 4590 	intel	hd  4600	6953	706	1000		8	9.4 kg	windows 10
http://www.cel.ro/calculatoare-desktop/desktop-dell-optiplex-3020-mt-i5_4590-500gb-4gb-win8-pro-l/	2849	intel core i5 4590 	intel	hd  4600	6953	706	500		4	9.4 kg	windows 8 professional (64bit)
http://www.cel.ro/calculatoare-desktop/mini_pc-dell-optiplex-3020-micro-i5_4590t-500gb-4gb-l/	2239	intel core i5 4590t	intel	intel hd  4600	5484	710	500		4	1.28 kg	linux
http://www.cel.ro/calculatoare-desktop/desktop-asus-k31ad_ro025d-i3_4170-1tb-4gb-dvdrw-l/	1649	intel core i3 4170 	intel	hd  4400	4583	547	1000		4	8.6 kg	fara sistem
http://www.cel.ro/calculatoare-desktop/desktop-lenovo-thinkcentre-m800-i5_6500-1tb-8gb-win10pro-l/	3814	intel core i5 6500	intel	intel hd  530	5736	964	1000		8	12,5	windows 10 pro
http://www.cel.ro/calculatoare-desktop/desktop-lenovo-thinkcentre-m800-sff-i5_6500-500gb-4gb-win10pro-l/	3494	intel core i5 6500	intel	intel hd  530	5736	964	500		4	9	windows 10 pro
http://www.cel.ro/calculatoare-desktop/mini_pc-hp-elitedesk-800-g2-i5_6500-1tbplus8gb-8gb-win10pro-l/	3884	intel core i5 6500	intel	intel hd  530	5736	964	1000		8	1,3	windows 10 pro
http://www.cel.ro/calculatoare-desktop/desktop-dell-optiplex-3020-sff-i5_4590-500gb_7200rpm-4gb-win7-pro-l/	2699	intel core i5 4590 	intel	hd  4600	6953	706	500		4	6 kg	windows 7 professional (64bit)
http://www.cel.ro/calculatoare-desktop/desktop-fujitsu-esprimo-d556-e85plus-i5_6400-500gb-4gb-l/	2144	intel core i5 6400	intel	intel hd  530	5286	964	500		4	8	fara sistem
http://www.cel.ro/calculatoare-desktop/desktop-dell-optiplex-3040-mt-i3_6100-500gb-4gb-l/	2109	intel core i3 6100	intel	intel hd  530	3820	964	500		4	7.99	linux
http://www.cel.ro/calculatoare-desktop/desktop-lenovo-ideacentre-h50_50-mt-i5_4460-1tb_7200rpm-4gb-l/	1799	intel core i5 4460	intel	hd  4600	6350	706	1000		4	7.1kg	fara sistem
http://www.cel.ro/calculatoare-desktop/desktop-lenovo-ideacentre-300s-i3_4170-1tb-4gb-dvdrw-l/	1499	intel core i3 4170	intel	intel hd  4400	4583	547	1000		4	5.9	fara sistem
http://www.cel.ro/calculatoare-desktop/desktop-dell-optiplex-7040-sff-i7_6700-1tb-8gb-l/	4249	intel corei7 6700	intel	intel hd  530	-	964	1000		8	4.48kg	linux
http://www.cel.ro/calculatoare-desktop/desktop-dell-precision-t1700-mt-xeon-e3_1241v3-1tb-8gb-firepro-w2100-1tb-win8pro-l/	5604	intel xeon  e3 1241 v3	amd	firepro w2100	-	905	1000		8		windows 8 professional (64bit)
http://www.cel.ro/calculatoare-desktop/apple-imac-27-i5-3.3ghz-2tb-8gb-radeon-r9-m395-2gb-os-x-el-capitan-5k-retina-int-l/	11119	intel core i5	amd	r9 m395	2197	-	2000		8	9.54	mac os
http://www.cel.ro/calculatoare-desktop/desktop-hp-prodesk-490-g3-mt-i3_6100-500gb-4gb-win10-l/	2649	intel core i3 6100	intel	intel hd  530	3820	964	500		4	7,05	windows 10
http://www.cel.ro/calculatoare-desktop/desktop-dell-precision-t7810-xeon-e5_2630v3-1tb-32gb-firepro-w5100-4gb-win8-l/	13264	intel xeon  e5 2630 v3	amd	firepro w5100	-	2824	1000		32		windows 8.1
http://www.cel.ro/calculatoare-desktop/desktop-lenovo-ideacentre-300-aio-i3_6100u-1tb-4gb-fullhd-alb-l/	2199	intel core i3 6100u			3505	-	1000		4	6.5 kg	fara sistem
http://www.cel.ro/calculatoare-desktop/desktop-asus-k31cd_ro010d-i5_6400-1tb-4gb-gt730-2gb-l/	2299	intel core i5 6400	nvidia	gt730	5286	-	1000		4	8.6	fara sistem
http://www.cel.ro/calculatoare-desktop/desktop-lenovo-thinkcentre-e73-mt-i3_4160-500gb_7200rpm-4gb-dvd_rw-v2-l/	1699	intel core i3 4160 	intel	hd  4400	4383	547	500		4	7.5 kg	fara sistem
http://www.cel.ro/calculatoare-desktop/desktop-hp-proone-400-g2-aio-i3_6100t-500gb-4gb-dvdrw-win10-hdplus-l/	3324	intel core i3 6100t	intel	intel hd  530	4788	964	500		4	5.45	windows 10
http://www.cel.ro/calculatoare-desktop/desktop-lenovo-ideacentre-300_20ish-i3_6100-1tb-4gb-dvdrw-l/	1599	intel core i3 6100	intel	intel hd  530	3820	964	1000		4	7.1 kg	fara sistem
http://www.cel.ro/calculatoare-desktop/diaxxa-vishera-powered-by-asus-fx_6300-1tb_7200rpm-8gb-gt_730-4gb-l/	1599	fx 6300 x6 6 core	nvidia	gt 730	-	928	1000		8		fara sistem
http://www.cel.ro/calculatoare-desktop/desktop-dell-optiplex-7040-sff-i5_6500-500gb-8gb-l/	3569	intel core i5 6500	intel	intel hd  530	5736	964	500		8	4.48kg	fara sistem
http://www.cel.ro/calculatoare-desktop/desktop-lenovo-thinkcentre-m800z-aio-i5_6400-500gb-4gb-win10pro-fullhd-l/	4499	intel core i5 6400	intel	intel hd  530	5286	964	500		4	7.7	windows 10 pro
http://www.cel.ro/calculatoare-desktop/desktop-dell-optiplex-3020-mt-i5_4590-1tb-8gb-win8pro-l/	3184	intel core i5 4590 	intel		6953	-	1000		8	9.4 kg	
http://www.cel.ro/calculatoare-desktop/desktop-asus-et2323iuk-i5_5200u-1tbplus8gb-8gb-fullhd-l/	2954	intel core i5 5200u	intel	intelintel hd  5500	3522	-	1000		8	9	fara sistem
http://www.cel.ro/calculatoare-desktop/desktop-dell-vostro-3900-mt-i7_4790-1tb-8gb-win8-l/	3984	intel core i7 4790	intel	intel hd  4600	11204	710	1000		8	7.2	windows 7
http://www.cel.ro/calculatoare-desktop/desktop-dell-optiplex-7040-mt-i5_6500-500gb-8gb-win10pro-l/	4269	intel core i5 6500	intel	intel hd  530	5736	964	500		8	8kg	windows 10 pro
http://www.cel.ro/calculatoare-desktop/desktop-lenovo-thinkcentre-e73-mt-i5_4460s-500gb-4gb-l/	2149	intel core i5 4460s	intel hd 	intel hd  4600	6350	710	500		4	7.5 kg	fara sistem
http://www.cel.ro/calculatoare-desktop/desktop-lenovo-ideacentre-300_20ish-i3_6100-1tb-4gb-nvidia-gt720-2gb-dvdrw-l/	1699	intel core i3 6100	nvidia	gt720	3820	-	1000		4	7.1 kg	fara sistem
http://www.cel.ro/calculatoare-desktop/desktop-acer-aspire-xc_705-i7_4770-128gb-4gb-radeon-r7-340-2gb-l/	3119	intel core i7 4770	amd	r7 340	7065	-	128		4	8.5	fara sistem
http://www.cel.ro/calculatoare-desktop/desktop-hp-280-g1-mt-i3_4160-500gb_7200rpm-4gb-dvd_rw-plus-monitor-hp-v212a-l/	1999	intel core i3 4160 	intel	intel hd  4400	4383	547	500		4	7.05 kg	fara sistem
http://www.cel.ro/calculatoare-desktop/desktop-dell-optiplex-3020-mt-i5_4590-500gb-4gb-win8pro-l/	2904	intel core i5 4590 	intel	hd  4600	6953	706	500		4	9.4 kg	windows 7 professional (64bit)
http://www.cel.ro/calculatoare-desktop/desktop-hp-z440-xeon-e5_1620v3-2tbplus256gb-16gb-win10pro-l/	8214	intel xeon  e5 1620v3	fara placa video		-	-	256		16	11 kg	windows 10 pro
http://www.cel.ro/calculatoare-desktop/desktop-asrock-ion3d_152db-d525-320gb-2gb-gt218-l/	1594	intel atom  d525	nvidia	gt 218m	698	-	320		2	2.5	fara sistem
http://www.cel.ro/calculatoare-desktop/diaxxa-evolution-i3_4170-3.7ghz-1tb_7200rpm-8gb-r7-240-oc-4gb-ddr3-l/	1849	intel core i3 4170 	amd	r7 240	4583	962	1000		8		fara sistem
http://www.cel.ro/calculatoare-desktop/desktop-dell-optiplex-7040-sff-i5_6500-500gb-8gb-dvdrw-l/	3444	intel core i5 6500	intel	intel hd  530	5736	964	500		8	4.48kg	linux
http://www.cel.ro/calculatoare-desktop/desktop-asus-rog-g20cb-i7_6700-1tbplus128gb-16gb-nvidia-gtx960-2gb-win7-l/	6599	intel core i7 6700 	nvidia	gtx 960	11003	5938	1000		16	6.38 kg	windows 7 professional (64bit)
http://www.cel.ro/calculatoare-desktop/mini-pc-dell-optiplex-9020-m-i5_4590t-500gb-4gb-win7pro-l/	3339	intel core i5 4590t 	intel	hd  4600	5484	706	500		4	1.28 kg	windows 7 professional (64bit)
http://www.cel.ro/calculatoare-desktop/desktop-dell-vostro-3900-mt-i7_4790-1tb-8gb-l/	3419	intel core i7 4790	intel	intel hd  4600	11204	710	1000		8	7.2	fara sistem
http://www.cel.ro/calculatoare-desktop/desktop-lenovo-ideacentre-700_22ish-aio-i5_6400t-1tbplus8gb-8gb-gt930a-2gb-fhd-l/	3199	intel core i5 6400t	nvidia	gt930a	5286	-	1000		8	7.5	fara sistem
http://www.cel.ro/calculatoare-desktop/desktop-dell-optiplex-3040-mt-i5_6500-1tb-8gb-win10-l/	3419	intel core i5 6500	intel	intel hd  530	5736	964	1000		8	7.99	windows 10
http://www.cel.ro/calculatoare-desktop/desktop-lenovo-thinkcentre-m900-i5_6500-256gb-8gb-win10pro-l/	4169	ntel core i5 6500	intel	intel hd  530	-	964	256		8	12.5	windows 10 pro
http://www.cel.ro/calculatoare-desktop/micro_pc-lenovo-ideacentre-stick-300-quad-core-z3735f-32gb-2gb-win10-l/	539	intel atom z3735f	intel	intel hd 	910	311	32		2	0.5	windows 10
http://www.cel.ro/calculatoare-desktop/desktop-asus-m70ad-i5_4460-1tbplus8gb-8gb-nvidia-gtx760-3gb-l/	2799	intel core i5 4460	nvidia	gtx760	6350	5068	1000		8	9.8 kg	fara sistem
http://www.cel.ro/calculatoare-desktop/apple-mac-pro-quad_core-xeon-e5-3.7ghz-256gb-12gb-d300-2gb-int-l/	14354	intel xeon  e5 1620v2	firepro d300		-	-	256		12	5 kg	mac os
http://www.cel.ro/calculatoare-desktop/desktop-dell-optiplex-5040-mt-i5_6500-500gb-8gb-win10-l/	3449	intel core i5 6500	intel	intel hd  530	5736	964	500		8	8kg	windows 10 pro
http://www.cel.ro/calculatoare-desktop/desktop-lenovo-ideacentre-aio-300-i3_6100u-1tb-4gb-nvidia-gt920a-2gb-l/	2349	intel core i3 6100u	nvidia	gt920a	3505	-	1000		4	6.5 kg	fara sistem
http://www.cel.ro/calculatoare-desktop/desktop-lenovo-ideacentre-c40_30-aio-i3_5005u-1tb-4gb-dvd_rw-fhd-alb-l/	2199	intel core i3 5005u	intel hd  5500		2910	560	1000		4	5,5 kg	fara sistem
http://www.cel.ro/calculatoare-desktop/diaxxa-entra-powered-by-asus-fx_4320-1tb_7200rpm-4gb-plus-monitor-asus-vs197de-l/	1399	fx 43200 x4 4 core			-	-	1000		4		fara sistem
http://www.cel.ro/calculatoare-desktop/apple-imac-27-i5-3.2ghz-1tb-8gb-radeon-r9-m380-2gb-os-x-el-capitan-5k-retina-int-l/	8899	intel core i5	amd	r9 m380	2197	3001	1000		8	9.54	mac os
http://www.cel.ro/calculatoare-desktop/desktop-hp-eliteone-800-g1-aio-i5_4690s-500gb-4gb-win7pro-touch-l/	6214	intel core i5 4690s	intel	intel hd  4600	7399	710	500		4		windows 8.1
http://www.cel.ro/calculatoare-desktop/micro_pc-intel-compute-stick-quad-core-x5_z8300-32gb-2gb-win10-l/	649	intel atom x5 z8300	intel	intel hd 	-	311	32		2		windows 10
http://www.cel.ro/calculatoare-desktop/desktop-asus-zen-z240icgt-aio-i7_6700t-1tbplus8gb-8gb-gtx960m-4gb-win10-fullhd-l/	6714	intel core i7 6700t	nvidia	gtx960m	8951	1670	1000		8	7.3	windows 10
http://www.cel.ro/calculatoare-desktop/desktop-maguay-gamepower-h97-i7_4790-1tbplus256gb-16gb-gtx950-oc-2gb-l/	5059	intel core i7 4790 	nvidia	gtx 950 oc	11204	-	1000		16		fara sistem
http://www.cel.ro/calculatoare-desktop/desktop-hp-elitedesk-800-g2-sff-i5_6500-500gb-4gb-win10pro-l/	3684	intel core i5 6500	intel	intel hd  530	5736	964	500		4	7,6 kg	windows 10 pro
http://www.cel.ro/calculatoare-desktop/desktop-lenovo-ideacentre-300_20ish-i3_6100-1tb-8gb-nvidia-gt720-2gb-dvdrw-l/	1749	intel core i3 6100	nvidia	gt720	3820	-	1000		8	7.1 kg	fara sistem
http://www.cel.ro/calculatoare-desktop/desktop-njoy-maze-series-i3_4160-500gb-4gb-gt730-4gb-l/	1829	intel core i3 4160 	nvidia	gt 730	4383	928	500		4		fara sistem
http://www.cel.ro/calculatoare-desktop/mini-pc-dell-optiplex-9020-m-i7_4785t-128gb-8gb-win7pro-l/	4814	intel core i7 4785t	intel	intel hd  4600	7486	710	128		8	1.28 kg	windows 7 professional (64bit)
http://www.cel.ro/calculatoare-desktop/mini-pc-intel-nuc-kit-boxnuc5ppyh-quad-core-n3700-nohdd-noram-resigilat-l/	859	intel pentium n3700	intel	hd 	1879	-	nohdd		noram		fara sistem
http://www.cel.ro/calculatoare-desktop/desktop-lenovo-thinkcentre-e63z-aio-i3_4005u-500gb-4gb-win10pro-hdplus-l/	2964	intel core i3 4005u	intel	intel hd  4400	2462	547	500		4	4	windows 10 pro
http://www.cel.ro/calculatoare-desktop/desktop-hp-prodesk-280-g1-mt-dual-core-g1840-500gb_7200rpm-4gb-dvd_rw-win7-pro-l/	1929	intel celeron  g1840	intel	hd 	2971	-	500		4	6.5 kg	windows 7 professional (64bit)
http://www.cel.ro/calculatoare-desktop/desktop-hp-elitedesk-800-g2-twr-i5_6500-500gb-8gb-win10pro-l/	3924	intel core i5 6500	intel	intel hd  530	5736	964	500		8	9,43 kg	windows 10 pro
http://www.cel.ro/calculatoare-desktop/desktop-hp-600-proone-g1-i3_4130-500gb-4gb-dvdrw-win8pro-l/	4539	intel core i3 4130	intel	hd  4600	4120	706	500		4	6.63 kg	windows 8 professional (64bit)
http://www.cel.ro/calculatoare-desktop/desktop-lenovo-ideacentre-y700-i5_6400-1tbplus8gb-8gb-gtx960-2gb-win10-l/	4029	intel core i5 6400	nvidia	gtx 960	5286	5938	1000		8	15 kg	windows 10
http://www.cel.ro/calculatoare-desktop/desktop-lenovo-ideacentre-c40_30-i5_5200u-1tb-4gb-gt820m-2gb-dvd_rw-touch-fhd-l/	2699	intel core i5 5200u	nvidia	gt820m	3522	-	1000		4	6,4 kg	fara sistem
http://www.cel.ro/calculatoare-desktop/apple-imac-21.5-i5-2.8ghz-1tb-8gb-os-x-el-capitan-fullhd-intel-iris-pro-int-l/	6399	intel core i5	intel	intel iris pro  6200	2197	1534	1000		8	5.68	mac os
http://www.cel.ro/calculatoare-desktop/desktop-asus-k31cd-i7_6700-1tb-4gb-nvidia-gtx950m-2gb-l/	3199	intel core i7 6700	nvidia	gtx950m	11003	1400	1000		4	8.6	fara sistem
http://www.cel.ro/calculatoare-desktop/desktop-dell-optiplex-9020-sff-i7_4790-1tb-8gb-win10-l/	4479	intel core i7 4790 	intel	intel hd  4600	11204	710	1000		8	6 kg	windows 10
